,num,cosit,start_date,end_date,path,raw_path,url
87,1301,NRA_000000001301,2020-01-01,2020-01-31,Data/2020-01-01 - 2020-01-31/NRA_000000001301.xls,Data/Raw/2020-01-01 - 2020-01-31/NRA_000000001301.xls,https://www.nratrafficdata.ie/c2/tfdaysreport.asp?sgid=ZvyVmXU8jBt9PJE$c7UXt6&spid=NRA_000000001301&reportdate=2020-01-01&enddate=2020-01-31&excel=1&intval=11
88,1302,NRA_000000001302,2020-01-01,2020-01-31,Data/2020-01-01 - 2020-01-31/NRA_000000001302.xls,Data/Raw/2020-01-01 - 2020-01-31/NRA_000000001302.xls,https://www.nratrafficdata.ie/c2/tfdaysreport.asp?sgid=ZvyVmXU8jBt9PJE$c7UXt6&spid=NRA_000000001302&reportdate=2020-01-01&enddate=2020-01-31&excel=1&intval=11
89,1303,NRA_000000001303,2020-01-01,2020-01-31,Data/2020-01-01 - 2020-01-31/NRA_000000001303.xls,Data/Raw/2020-01-01 - 2020-01-31/NRA_000000001303.xls,https://www.nratrafficdata.ie/c2/tfdaysreport.asp?sgid=ZvyVmXU8jBt9PJE$c7UXt6&spid=NRA_000000001303&reportdate=2020-01-01&enddate=2020-01-31&excel=1&intval=11
92,1321,NRA_000000001321,2020-01-01,2020-01-31,Data/2020-01-01 - 2020-01-31/NRA_000000001321.xls,Data/Raw/2020-01-01 - 2020-01-31/NRA_000000001321.xls,https://www.nratrafficdata.ie/c2/tfdaysreport.asp?sgid=ZvyVmXU8jBt9PJE$c7UXt6&spid=NRA_000000001321&reportdate=2020-01-01&enddate=2020-01-31&excel=1&intval=11
94,1401,NRA_000000001401,2020-01-01,2020-01-31,Data/2020-01-01 - 2020-01-31/NRA_000000001401.xls,Data/Raw/2020-01-01 - 2020-01-31/NRA_000000001401.xls,https://www.nratrafficdata.ie/c2/tfdaysreport.asp?sgid=ZvyVmXU8jBt9PJE$c7UXt6&spid=NRA_000000001401&reportdate=2020-01-01&enddate=2020-01-31&excel=1&intval=11
95,1403,NRA_000000001403,2020-01-01,2020-01-31,Data/2020-01-01 - 2020-01-31/NRA_000000001403.xls,Data/Raw/2020-01-01 - 2020-01-31/NRA_000000001403.xls,https://www.nratrafficdata.ie/c2/tfdaysreport.asp?sgid=ZvyVmXU8jBt9PJE$c7UXt6&spid=NRA_000000001403&reportdate=2020-01-01&enddate=2020-01-31&excel=1&intval=11
96,1404,NRA_000000001404,2020-01-01,2020-01-31,Data/2020-01-01 - 2020-01-31/NRA_000000001404.xls,Data/Raw/2020-01-01 - 2020-01-31/NRA_000000001404.xls,https://www.nratrafficdata.ie/c2/tfdaysreport.asp?sgid=ZvyVmXU8jBt9PJE$c7UXt6&spid=NRA_000000001404&reportdate=2020-01-01&enddate=2020-01-31&excel=1&intval=11
97,1405,NRA_000000001405,2020-01-01,2020-01-31,Data/2020-01-01 - 2020-01-31/NRA_000000001405.xls,Data/Raw/2020-01-01 - 2020-01-31/NRA_000000001405.xls,https://www.nratrafficdata.ie/c2/tfdaysreport.asp?sgid=ZvyVmXU8jBt9PJE$c7UXt6&spid=NRA_000000001405&reportdate=2020-01-01&enddate=2020-01-31&excel=1&intval=11
173,3102,NRA_000000003102,2020-01-01,2020-01-31,Data/2020-01-01 - 2020-01-31/NRA_000000003102.xls,Data/Raw/2020-01-01 - 2020-01-31/NRA_000000003102.xls,https://www.nratrafficdata.ie/c2/tfdaysreport.asp?sgid=ZvyVmXU8jBt9PJE$c7UXt6&spid=NRA_000000003102&reportdate=2020-01-01&enddate=2020-01-31&excel=1&intval=11
174,3103,NRA_000000003103,2020-01-01,2020-01-31,Data/2020-01-01 - 2020-01-31/NRA_000000003103.xls,Data/Raw/2020-01-01 - 2020-01-31/NRA_000000003103.xls,https://www.nratrafficdata.ie/c2/tfdaysreport.asp?sgid=ZvyVmXU8jBt9PJE$c7UXt6&spid=NRA_000000003103&reportdate=2020-01-01&enddate=2020-01-31&excel=1&intval=11
175,3104,NRA_000000003104,2020-01-01,2020-01-31,Data/2020-01-01 - 2020-01-31/NRA_000000003104.xls,Data/Raw/2020-01-01 - 2020-01-31/NRA_000000003104.xls,https://www.nratrafficdata.ie/c2/tfdaysreport.asp?sgid=ZvyVmXU8jBt9PJE$c7UXt6&spid=NRA_000000003104&reportdate=2020-01-01&enddate=2020-01-31&excel=1&intval=11
176,3105,NRA_000000003105,2020-01-01,2020-01-31,Data/2020-01-01 - 2020-01-31/NRA_000000003105.xls,Data/Raw/2020-01-01 - 2020-01-31/NRA_000000003105.xls,https://www.nratrafficdata.ie/c2/tfdaysreport.asp?sgid=ZvyVmXU8jBt9PJE$c7UXt6&spid=NRA_000000003105&reportdate=2020-01-01&enddate=2020-01-31&excel=1&intval=11
177,3106,NRA_000000003106,2020-01-01,2020-01-31,Data/2020-01-01 - 2020-01-31/NRA_000000003106.xls,Data/Raw/2020-01-01 - 2020-01-31/NRA_000000003106.xls,https://www.nratrafficdata.ie/c2/tfdaysreport.asp?sgid=ZvyVmXU8jBt9PJE$c7UXt6&spid=NRA_000000003106&reportdate=2020-01-01&enddate=2020-01-31&excel=1&intval=11
179,3114,NRA_000000003114,2020-01-01,2020-01-31,Data/2020-01-01 - 2020-01-31/NRA_000000003114.xls,Data/Raw/2020-01-01 - 2020-01-31/NRA_000000003114.xls,https://www.nratrafficdata.ie/c2/tfdaysreport.asp?sgid=ZvyVmXU8jBt9PJE$c7UXt6&spid=NRA_000000003114&reportdate=2020-01-01&enddate=2020-01-31&excel=1&intval=11
180,3115,NRA_000000003115,2020-01-01,2020-01-31,Data/2020-01-01 - 2020-01-31/NRA_000000003115.xls,Data/Raw/2020-01-01 - 2020-01-31/NRA_000000003115.xls,https://www.nratrafficdata.ie/c2/tfdaysreport.asp?sgid=ZvyVmXU8jBt9PJE$c7UXt6&spid=NRA_000000003115&reportdate=2020-01-01&enddate=2020-01-31&excel=1&intval=11
256,20072,NRA_000000020072,2020-01-01,2020-01-31,Data/2020-01-01 - 2020-01-31/NRA_000000020072.xls,Data/Raw/2020-01-01 - 2020-01-31/NRA_000000020072.xls,https://www.nratrafficdata.ie/c2/tfdaysreport.asp?sgid=ZvyVmXU8jBt9PJE$c7UXt6&spid=NRA_000000020072&reportdate=2020-01-01&enddate=2020-01-31&excel=1&intval=11
257,20073,NRA_000000020073,2020-01-01,2020-01-31,Data/2020-01-01 - 2020-01-31/NRA_000000020073.xls,Data/Raw/2020-01-01 - 2020-01-31/NRA_000000020073.xls,https://www.nratrafficdata.ie/c2/tfdaysreport.asp?sgid=ZvyVmXU8jBt9PJE$c7UXt6&spid=NRA_000000020073&reportdate=2020-01-01&enddate=2020-01-31&excel=1&intval=11
319,20521,NRA_000000020521,2020-01-01,2020-01-31,Data/2020-01-01 - 2020-01-31/NRA_000000020521.xls,Data/Raw/2020-01-01 - 2020-01-31/NRA_000000020521.xls,https://www.nratrafficdata.ie/c2/tfdaysreport.asp?sgid=ZvyVmXU8jBt9PJE$c7UXt6&spid=NRA_000000020521&reportdate=2020-01-01&enddate=2020-01-31&excel=1&intval=11
334,20721,NRA_000000020721,2020-01-01,2020-01-31,Data/2020-01-01 - 2020-01-31/NRA_000000020721.xls,Data/Raw/2020-01-01 - 2020-01-31/NRA_000000020721.xls,https://www.nratrafficdata.ie/c2/tfdaysreport.asp?sgid=ZvyVmXU8jBt9PJE$c7UXt6&spid=NRA_000000020721&reportdate=2020-01-01&enddate=2020-01-31&excel=1&intval=11
348,32501,NRA_000000032501,2020-01-01,2020-01-31,Data/2020-01-01 - 2020-01-31/NRA_000000032501.xls,Data/Raw/2020-01-01 - 2020-01-31/NRA_000000032501.xls,https://www.nratrafficdata.ie/c2/tfdaysreport.asp?sgid=ZvyVmXU8jBt9PJE$c7UXt6&spid=NRA_000000032501&reportdate=2020-01-01&enddate=2020-01-31&excel=1&intval=11
349,32502,NRA_000000032502,2020-01-01,2020-01-31,Data/2020-01-01 - 2020-01-31/NRA_000000032502.xls,Data/Raw/2020-01-01 - 2020-01-31/NRA_000000032502.xls,https://www.nratrafficdata.ie/c2/tfdaysreport.asp?sgid=ZvyVmXU8jBt9PJE$c7UXt6&spid=NRA_000000032502&reportdate=2020-01-01&enddate=2020-01-31&excel=1&intval=11
350,150141,NRA_000000150141,2020-01-01,2020-01-31,Data/2020-01-01 - 2020-01-31/NRA_000000150141.xls,Data/Raw/2020-01-01 - 2020-01-31/NRA_000000150141.xls,https://www.nratrafficdata.ie/c2/tfdaysreport.asp?sgid=ZvyVmXU8jBt9PJE$c7UXt6&spid=NRA_000000150141&reportdate=2020-01-01&enddate=2020-01-31&excel=1&intval=11
461,1301,NRA_000000001301,2020-02-01,2020-02-29,Data/2020-02-01 - 2020-02-29/NRA_000000001301.xls,Data/Raw/2020-02-01 - 2020-02-29/NRA_000000001301.xls,https://www.nratrafficdata.ie/c2/tfdaysreport.asp?sgid=ZvyVmXU8jBt9PJE$c7UXt6&spid=NRA_000000001301&reportdate=2020-02-01&enddate=2020-02-29&excel=1&intval=11
462,1302,NRA_000000001302,2020-02-01,2020-02-29,Data/2020-02-01 - 2020-02-29/NRA_000000001302.xls,Data/Raw/2020-02-01 - 2020-02-29/NRA_000000001302.xls,https://www.nratrafficdata.ie/c2/tfdaysreport.asp?sgid=ZvyVmXU8jBt9PJE$c7UXt6&spid=NRA_000000001302&reportdate=2020-02-01&enddate=2020-02-29&excel=1&intval=11
463,1303,NRA_000000001303,2020-02-01,2020-02-29,Data/2020-02-01 - 2020-02-29/NRA_000000001303.xls,Data/Raw/2020-02-01 - 2020-02-29/NRA_000000001303.xls,https://www.nratrafficdata.ie/c2/tfdaysreport.asp?sgid=ZvyVmXU8jBt9PJE$c7UXt6&spid=NRA_000000001303&reportdate=2020-02-01&enddate=2020-02-29&excel=1&intval=11
466,1321,NRA_000000001321,2020-02-01,2020-02-29,Data/2020-02-01 - 2020-02-29/NRA_000000001321.xls,Data/Raw/2020-02-01 - 2020-02-29/NRA_000000001321.xls,https://www.nratrafficdata.ie/c2/tfdaysreport.asp?sgid=ZvyVmXU8jBt9PJE$c7UXt6&spid=NRA_000000001321&reportdate=2020-02-01&enddate=2020-02-29&excel=1&intval=11
468,1401,NRA_000000001401,2020-02-01,2020-02-29,Data/2020-02-01 - 2020-02-29/NRA_000000001401.xls,Data/Raw/2020-02-01 - 2020-02-29/NRA_000000001401.xls,https://www.nratrafficdata.ie/c2/tfdaysreport.asp?sgid=ZvyVmXU8jBt9PJE$c7UXt6&spid=NRA_000000001401&reportdate=2020-02-01&enddate=2020-02-29&excel=1&intval=11
469,1403,NRA_000000001403,2020-02-01,2020-02-29,Data/2020-02-01 - 2020-02-29/NRA_000000001403.xls,Data/Raw/2020-02-01 - 2020-02-29/NRA_000000001403.xls,https://www.nratrafficdata.ie/c2/tfdaysreport.asp?sgid=ZvyVmXU8jBt9PJE$c7UXt6&spid=NRA_000000001403&reportdate=2020-02-01&enddate=2020-02-29&excel=1&intval=11
470,1404,NRA_000000001404,2020-02-01,2020-02-29,Data/2020-02-01 - 2020-02-29/NRA_000000001404.xls,Data/Raw/2020-02-01 - 2020-02-29/NRA_000000001404.xls,https://www.nratrafficdata.ie/c2/tfdaysreport.asp?sgid=ZvyVmXU8jBt9PJE$c7UXt6&spid=NRA_000000001404&reportdate=2020-02-01&enddate=2020-02-29&excel=1&intval=11
471,1405,NRA_000000001405,2020-02-01,2020-02-29,Data/2020-02-01 - 2020-02-29/NRA_000000001405.xls,Data/Raw/2020-02-01 - 2020-02-29/NRA_000000001405.xls,https://www.nratrafficdata.ie/c2/tfdaysreport.asp?sgid=ZvyVmXU8jBt9PJE$c7UXt6&spid=NRA_000000001405&reportdate=2020-02-01&enddate=2020-02-29&excel=1&intval=11
547,3102,NRA_000000003102,2020-02-01,2020-02-29,Data/2020-02-01 - 2020-02-29/NRA_000000003102.xls,Data/Raw/2020-02-01 - 2020-02-29/NRA_000000003102.xls,https://www.nratrafficdata.ie/c2/tfdaysreport.asp?sgid=ZvyVmXU8jBt9PJE$c7UXt6&spid=NRA_000000003102&reportdate=2020-02-01&enddate=2020-02-29&excel=1&intval=11
548,3103,NRA_000000003103,2020-02-01,2020-02-29,Data/2020-02-01 - 2020-02-29/NRA_000000003103.xls,Data/Raw/2020-02-01 - 2020-02-29/NRA_000000003103.xls,https://www.nratrafficdata.ie/c2/tfdaysreport.asp?sgid=ZvyVmXU8jBt9PJE$c7UXt6&spid=NRA_000000003103&reportdate=2020-02-01&enddate=2020-02-29&excel=1&intval=11
549,3104,NRA_000000003104,2020-02-01,2020-02-29,Data/2020-02-01 - 2020-02-29/NRA_000000003104.xls,Data/Raw/2020-02-01 - 2020-02-29/NRA_000000003104.xls,https://www.nratrafficdata.ie/c2/tfdaysreport.asp?sgid=ZvyVmXU8jBt9PJE$c7UXt6&spid=NRA_000000003104&reportdate=2020-02-01&enddate=2020-02-29&excel=1&intval=11
550,3105,NRA_000000003105,2020-02-01,2020-02-29,Data/2020-02-01 - 2020-02-29/NRA_000000003105.xls,Data/Raw/2020-02-01 - 2020-02-29/NRA_000000003105.xls,https://www.nratrafficdata.ie/c2/tfdaysreport.asp?sgid=ZvyVmXU8jBt9PJE$c7UXt6&spid=NRA_000000003105&reportdate=2020-02-01&enddate=2020-02-29&excel=1&intval=11
551,3106,NRA_000000003106,2020-02-01,2020-02-29,Data/2020-02-01 - 2020-02-29/NRA_000000003106.xls,Data/Raw/2020-02-01 - 2020-02-29/NRA_000000003106.xls,https://www.nratrafficdata.ie/c2/tfdaysreport.asp?sgid=ZvyVmXU8jBt9PJE$c7UXt6&spid=NRA_000000003106&reportdate=2020-02-01&enddate=2020-02-29&excel=1&intval=11
554,3115,NRA_000000003115,2020-02-01,2020-02-29,Data/2020-02-01 - 2020-02-29/NRA_000000003115.xls,Data/Raw/2020-02-01 - 2020-02-29/NRA_000000003115.xls,https://www.nratrafficdata.ie/c2/tfdaysreport.asp?sgid=ZvyVmXU8jBt9PJE$c7UXt6&spid=NRA_000000003115&reportdate=2020-02-01&enddate=2020-02-29&excel=1&intval=11
576,3403,NRA_000000003403,2020-02-01,2020-02-29,Data/2020-02-01 - 2020-02-29/NRA_000000003403.xls,Data/Raw/2020-02-01 - 2020-02-29/NRA_000000003403.xls,https://www.nratrafficdata.ie/c2/tfdaysreport.asp?sgid=ZvyVmXU8jBt9PJE$c7UXt6&spid=NRA_000000003403&reportdate=2020-02-01&enddate=2020-02-29&excel=1&intval=11
630,20072,NRA_000000020072,2020-02-01,2020-02-29,Data/2020-02-01 - 2020-02-29/NRA_000000020072.xls,Data/Raw/2020-02-01 - 2020-02-29/NRA_000000020072.xls,https://www.nratrafficdata.ie/c2/tfdaysreport.asp?sgid=ZvyVmXU8jBt9PJE$c7UXt6&spid=NRA_000000020072&reportdate=2020-02-01&enddate=2020-02-29&excel=1&intval=11
631,20073,NRA_000000020073,2020-02-01,2020-02-29,Data/2020-02-01 - 2020-02-29/NRA_000000020073.xls,Data/Raw/2020-02-01 - 2020-02-29/NRA_000000020073.xls,https://www.nratrafficdata.ie/c2/tfdaysreport.asp?sgid=ZvyVmXU8jBt9PJE$c7UXt6&spid=NRA_000000020073&reportdate=2020-02-01&enddate=2020-02-29&excel=1&intval=11
680,20224,NRA_000000020224,2020-02-01,2020-02-29,Data/2020-02-01 - 2020-02-29/NRA_000000020224.xls,Data/Raw/2020-02-01 - 2020-02-29/NRA_000000020224.xls,https://www.nratrafficdata.ie/c2/tfdaysreport.asp?sgid=ZvyVmXU8jBt9PJE$c7UXt6&spid=NRA_000000020224&reportdate=2020-02-01&enddate=2020-02-29&excel=1&intval=11
693,20521,NRA_000000020521,2020-02-01,2020-02-29,Data/2020-02-01 - 2020-02-29/NRA_000000020521.xls,Data/Raw/2020-02-01 - 2020-02-29/NRA_000000020521.xls,https://www.nratrafficdata.ie/c2/tfdaysreport.asp?sgid=ZvyVmXU8jBt9PJE$c7UXt6&spid=NRA_000000020521&reportdate=2020-02-01&enddate=2020-02-29&excel=1&intval=11
700,20562,NRA_000000020562,2020-02-01,2020-02-29,Data/2020-02-01 - 2020-02-29/NRA_000000020562.xls,Data/Raw/2020-02-01 - 2020-02-29/NRA_000000020562.xls,https://www.nratrafficdata.ie/c2/tfdaysreport.asp?sgid=ZvyVmXU8jBt9PJE$c7UXt6&spid=NRA_000000020562&reportdate=2020-02-01&enddate=2020-02-29&excel=1&intval=11
708,20721,NRA_000000020721,2020-02-01,2020-02-29,Data/2020-02-01 - 2020-02-29/NRA_000000020721.xls,Data/Raw/2020-02-01 - 2020-02-29/NRA_000000020721.xls,https://www.nratrafficdata.ie/c2/tfdaysreport.asp?sgid=ZvyVmXU8jBt9PJE$c7UXt6&spid=NRA_000000020721&reportdate=2020-02-01&enddate=2020-02-29&excel=1&intval=11
722,32501,NRA_000000032501,2020-02-01,2020-02-29,Data/2020-02-01 - 2020-02-29/NRA_000000032501.xls,Data/Raw/2020-02-01 - 2020-02-29/NRA_000000032501.xls,https://www.nratrafficdata.ie/c2/tfdaysreport.asp?sgid=ZvyVmXU8jBt9PJE$c7UXt6&spid=NRA_000000032501&reportdate=2020-02-01&enddate=2020-02-29&excel=1&intval=11
723,32502,NRA_000000032502,2020-02-01,2020-02-29,Data/2020-02-01 - 2020-02-29/NRA_000000032502.xls,Data/Raw/2020-02-01 - 2020-02-29/NRA_000000032502.xls,https://www.nratrafficdata.ie/c2/tfdaysreport.asp?sgid=ZvyVmXU8jBt9PJE$c7UXt6&spid=NRA_000000032502&reportdate=2020-02-01&enddate=2020-02-29&excel=1&intval=11
724,150141,NRA_000000150141,2020-02-01,2020-02-29,Data/2020-02-01 - 2020-02-29/NRA_000000150141.xls,Data/Raw/2020-02-01 - 2020-02-29/NRA_000000150141.xls,https://www.nratrafficdata.ie/c2/tfdaysreport.asp?sgid=ZvyVmXU8jBt9PJE$c7UXt6&spid=NRA_000000150141&reportdate=2020-02-01&enddate=2020-02-29&excel=1&intval=11
745,202301,NRA_000000202301,2020-02-01,2020-02-29,Data/2020-02-01 - 2020-02-29/NRA_000000202301.xls,Data/Raw/2020-02-01 - 2020-02-29/NRA_000000202301.xls,https://www.nratrafficdata.ie/c2/tfdaysreport.asp?sgid=ZvyVmXU8jBt9PJE$c7UXt6&spid=NRA_000000202301&reportdate=2020-02-01&enddate=2020-02-29&excel=1&intval=11
840,1321,NRA_000000001321,2020-03-01,2020-03-31,Data/2020-03-01 - 2020-03-31/NRA_000000001321.xls,Data/Raw/2020-03-01 - 2020-03-31/NRA_000000001321.xls,https://www.nratrafficdata.ie/c2/tfdaysreport.asp?sgid=ZvyVmXU8jBt9PJE$c7UXt6&spid=NRA_000000001321&reportdate=2020-03-01&enddate=2020-03-31&excel=1&intval=11
842,1401,NRA_000000001401,2020-03-01,2020-03-31,Data/2020-03-01 - 2020-03-31/NRA_000000001401.xls,Data/Raw/2020-03-01 - 2020-03-31/NRA_000000001401.xls,https://www.nratrafficdata.ie/c2/tfdaysreport.asp?sgid=ZvyVmXU8jBt9PJE$c7UXt6&spid=NRA_000000001401&reportdate=2020-03-01&enddate=2020-03-31&excel=1&intval=11
843,1403,NRA_000000001403,2020-03-01,2020-03-31,Data/2020-03-01 - 2020-03-31/NRA_000000001403.xls,Data/Raw/2020-03-01 - 2020-03-31/NRA_000000001403.xls,https://www.nratrafficdata.ie/c2/tfdaysreport.asp?sgid=ZvyVmXU8jBt9PJE$c7UXt6&spid=NRA_000000001403&reportdate=2020-03-01&enddate=2020-03-31&excel=1&intval=11
844,1404,NRA_000000001404,2020-03-01,2020-03-31,Data/2020-03-01 - 2020-03-31/NRA_000000001404.xls,Data/Raw/2020-03-01 - 2020-03-31/NRA_000000001404.xls,https://www.nratrafficdata.ie/c2/tfdaysreport.asp?sgid=ZvyVmXU8jBt9PJE$c7UXt6&spid=NRA_000000001404&reportdate=2020-03-01&enddate=2020-03-31&excel=1&intval=11
845,1405,NRA_000000001405,2020-03-01,2020-03-31,Data/2020-03-01 - 2020-03-31/NRA_000000001405.xls,Data/Raw/2020-03-01 - 2020-03-31/NRA_000000001405.xls,https://www.nratrafficdata.ie/c2/tfdaysreport.asp?sgid=ZvyVmXU8jBt9PJE$c7UXt6&spid=NRA_000000001405&reportdate=2020-03-01&enddate=2020-03-31&excel=1&intval=11
921,3102,NRA_000000003102,2020-03-01,2020-03-31,Data/2020-03-01 - 2020-03-31/NRA_000000003102.xls,Data/Raw/2020-03-01 - 2020-03-31/NRA_000000003102.xls,https://www.nratrafficdata.ie/c2/tfdaysreport.asp?sgid=ZvyVmXU8jBt9PJE$c7UXt6&spid=NRA_000000003102&reportdate=2020-03-01&enddate=2020-03-31&excel=1&intval=11
922,3103,NRA_000000003103,2020-03-01,2020-03-31,Data/2020-03-01 - 2020-03-31/NRA_000000003103.xls,Data/Raw/2020-03-01 - 2020-03-31/NRA_000000003103.xls,https://www.nratrafficdata.ie/c2/tfdaysreport.asp?sgid=ZvyVmXU8jBt9PJE$c7UXt6&spid=NRA_000000003103&reportdate=2020-03-01&enddate=2020-03-31&excel=1&intval=11
923,3104,NRA_000000003104,2020-03-01,2020-03-31,Data/2020-03-01 - 2020-03-31/NRA_000000003104.xls,Data/Raw/2020-03-01 - 2020-03-31/NRA_000000003104.xls,https://www.nratrafficdata.ie/c2/tfdaysreport.asp?sgid=ZvyVmXU8jBt9PJE$c7UXt6&spid=NRA_000000003104&reportdate=2020-03-01&enddate=2020-03-31&excel=1&intval=11
924,3105,NRA_000000003105,2020-03-01,2020-03-31,Data/2020-03-01 - 2020-03-31/NRA_000000003105.xls,Data/Raw/2020-03-01 - 2020-03-31/NRA_000000003105.xls,https://www.nratrafficdata.ie/c2/tfdaysreport.asp?sgid=ZvyVmXU8jBt9PJE$c7UXt6&spid=NRA_000000003105&reportdate=2020-03-01&enddate=2020-03-31&excel=1&intval=11
925,3106,NRA_000000003106,2020-03-01,2020-03-31,Data/2020-03-01 - 2020-03-31/NRA_000000003106.xls,Data/Raw/2020-03-01 - 2020-03-31/NRA_000000003106.xls,https://www.nratrafficdata.ie/c2/tfdaysreport.asp?sgid=ZvyVmXU8jBt9PJE$c7UXt6&spid=NRA_000000003106&reportdate=2020-03-01&enddate=2020-03-31&excel=1&intval=11
947,3314,NRA_000000003314,2020-03-01,2020-03-31,Data/2020-03-01 - 2020-03-31/NRA_000000003314.xls,Data/Raw/2020-03-01 - 2020-03-31/NRA_000000003314.xls,https://www.nratrafficdata.ie/c2/tfdaysreport.asp?sgid=ZvyVmXU8jBt9PJE$c7UXt6&spid=NRA_000000003314&reportdate=2020-03-01&enddate=2020-03-31&excel=1&intval=11
948,3401,NRA_000000003401,2020-03-01,2020-03-31,Data/2020-03-01 - 2020-03-31/NRA_000000003401.xls,Data/Raw/2020-03-01 - 2020-03-31/NRA_000000003401.xls,https://www.nratrafficdata.ie/c2/tfdaysreport.asp?sgid=ZvyVmXU8jBt9PJE$c7UXt6&spid=NRA_000000003401&reportdate=2020-03-01&enddate=2020-03-31&excel=1&intval=11
950,3403,NRA_000000003403,2020-03-01,2020-03-31,Data/2020-03-01 - 2020-03-31/NRA_000000003403.xls,Data/Raw/2020-03-01 - 2020-03-31/NRA_000000003403.xls,https://www.nratrafficdata.ie/c2/tfdaysreport.asp?sgid=ZvyVmXU8jBt9PJE$c7UXt6&spid=NRA_000000003403&reportdate=2020-03-01&enddate=2020-03-31&excel=1&intval=11
1004,20072,NRA_000000020072,2020-03-01,2020-03-31,Data/2020-03-01 - 2020-03-31/NRA_000000020072.xls,Data/Raw/2020-03-01 - 2020-03-31/NRA_000000020072.xls,https://www.nratrafficdata.ie/c2/tfdaysreport.asp?sgid=ZvyVmXU8jBt9PJE$c7UXt6&spid=NRA_000000020072&reportdate=2020-03-01&enddate=2020-03-31&excel=1&intval=11
1005,20073,NRA_000000020073,2020-03-01,2020-03-31,Data/2020-03-01 - 2020-03-31/NRA_000000020073.xls,Data/Raw/2020-03-01 - 2020-03-31/NRA_000000020073.xls,https://www.nratrafficdata.ie/c2/tfdaysreport.asp?sgid=ZvyVmXU8jBt9PJE$c7UXt6&spid=NRA_000000020073&reportdate=2020-03-01&enddate=2020-03-31&excel=1&intval=11
1074,20562,NRA_000000020562,2020-03-01,2020-03-31,Data/2020-03-01 - 2020-03-31/NRA_000000020562.xls,Data/Raw/2020-03-01 - 2020-03-31/NRA_000000020562.xls,https://www.nratrafficdata.ie/c2/tfdaysreport.asp?sgid=ZvyVmXU8jBt9PJE$c7UXt6&spid=NRA_000000020562&reportdate=2020-03-01&enddate=2020-03-31&excel=1&intval=11
1096,32501,NRA_000000032501,2020-03-01,2020-03-31,Data/2020-03-01 - 2020-03-31/NRA_000000032501.xls,Data/Raw/2020-03-01 - 2020-03-31/NRA_000000032501.xls,https://www.nratrafficdata.ie/c2/tfdaysreport.asp?sgid=ZvyVmXU8jBt9PJE$c7UXt6&spid=NRA_000000032501&reportdate=2020-03-01&enddate=2020-03-31&excel=1&intval=11
1097,32502,NRA_000000032502,2020-03-01,2020-03-31,Data/2020-03-01 - 2020-03-31/NRA_000000032502.xls,Data/Raw/2020-03-01 - 2020-03-31/NRA_000000032502.xls,https://www.nratrafficdata.ie/c2/tfdaysreport.asp?sgid=ZvyVmXU8jBt9PJE$c7UXt6&spid=NRA_000000032502&reportdate=2020-03-01&enddate=2020-03-31&excel=1&intval=11
1098,150141,NRA_000000150141,2020-03-01,2020-03-31,Data/2020-03-01 - 2020-03-31/NRA_000000150141.xls,Data/Raw/2020-03-01 - 2020-03-31/NRA_000000150141.xls,https://www.nratrafficdata.ie/c2/tfdaysreport.asp?sgid=ZvyVmXU8jBt9PJE$c7UXt6&spid=NRA_000000150141&reportdate=2020-03-01&enddate=2020-03-31&excel=1&intval=11
1214,1321,NRA_000000001321,2020-04-01,2020-04-30,Data/2020-04-01 - 2020-04-30/NRA_000000001321.xls,Data/Raw/2020-04-01 - 2020-04-30/NRA_000000001321.xls,https://www.nratrafficdata.ie/c2/tfdaysreport.asp?sgid=ZvyVmXU8jBt9PJE$c7UXt6&spid=NRA_000000001321&reportdate=2020-04-01&enddate=2020-04-30&excel=1&intval=11
1216,1401,NRA_000000001401,2020-04-01,2020-04-30,Data/2020-04-01 - 2020-04-30/NRA_000000001401.xls,Data/Raw/2020-04-01 - 2020-04-30/NRA_000000001401.xls,https://www.nratrafficdata.ie/c2/tfdaysreport.asp?sgid=ZvyVmXU8jBt9PJE$c7UXt6&spid=NRA_000000001401&reportdate=2020-04-01&enddate=2020-04-30&excel=1&intval=11
1217,1403,NRA_000000001403,2020-04-01,2020-04-30,Data/2020-04-01 - 2020-04-30/NRA_000000001403.xls,Data/Raw/2020-04-01 - 2020-04-30/NRA_000000001403.xls,https://www.nratrafficdata.ie/c2/tfdaysreport.asp?sgid=ZvyVmXU8jBt9PJE$c7UXt6&spid=NRA_000000001403&reportdate=2020-04-01&enddate=2020-04-30&excel=1&intval=11
1218,1404,NRA_000000001404,2020-04-01,2020-04-30,Data/2020-04-01 - 2020-04-30/NRA_000000001404.xls,Data/Raw/2020-04-01 - 2020-04-30/NRA_000000001404.xls,https://www.nratrafficdata.ie/c2/tfdaysreport.asp?sgid=ZvyVmXU8jBt9PJE$c7UXt6&spid=NRA_000000001404&reportdate=2020-04-01&enddate=2020-04-30&excel=1&intval=11
1219,1405,NRA_000000001405,2020-04-01,2020-04-30,Data/2020-04-01 - 2020-04-30/NRA_000000001405.xls,Data/Raw/2020-04-01 - 2020-04-30/NRA_000000001405.xls,https://www.nratrafficdata.ie/c2/tfdaysreport.asp?sgid=ZvyVmXU8jBt9PJE$c7UXt6&spid=NRA_000000001405&reportdate=2020-04-01&enddate=2020-04-30&excel=1&intval=11
1295,3102,NRA_000000003102,2020-04-01,2020-04-30,Data/2020-04-01 - 2020-04-30/NRA_000000003102.xls,Data/Raw/2020-04-01 - 2020-04-30/NRA_000000003102.xls,https://www.nratrafficdata.ie/c2/tfdaysreport.asp?sgid=ZvyVmXU8jBt9PJE$c7UXt6&spid=NRA_000000003102&reportdate=2020-04-01&enddate=2020-04-30&excel=1&intval=11
1296,3103,NRA_000000003103,2020-04-01,2020-04-30,Data/2020-04-01 - 2020-04-30/NRA_000000003103.xls,Data/Raw/2020-04-01 - 2020-04-30/NRA_000000003103.xls,https://www.nratrafficdata.ie/c2/tfdaysreport.asp?sgid=ZvyVmXU8jBt9PJE$c7UXt6&spid=NRA_000000003103&reportdate=2020-04-01&enddate=2020-04-30&excel=1&intval=11
1297,3104,NRA_000000003104,2020-04-01,2020-04-30,Data/2020-04-01 - 2020-04-30/NRA_000000003104.xls,Data/Raw/2020-04-01 - 2020-04-30/NRA_000000003104.xls,https://www.nratrafficdata.ie/c2/tfdaysreport.asp?sgid=ZvyVmXU8jBt9PJE$c7UXt6&spid=NRA_000000003104&reportdate=2020-04-01&enddate=2020-04-30&excel=1&intval=11
1298,3105,NRA_000000003105,2020-04-01,2020-04-30,Data/2020-04-01 - 2020-04-30/NRA_000000003105.xls,Data/Raw/2020-04-01 - 2020-04-30/NRA_000000003105.xls,https://www.nratrafficdata.ie/c2/tfdaysreport.asp?sgid=ZvyVmXU8jBt9PJE$c7UXt6&spid=NRA_000000003105&reportdate=2020-04-01&enddate=2020-04-30&excel=1&intval=11
1299,3106,NRA_000000003106,2020-04-01,2020-04-30,Data/2020-04-01 - 2020-04-30/NRA_000000003106.xls,Data/Raw/2020-04-01 - 2020-04-30/NRA_000000003106.xls,https://www.nratrafficdata.ie/c2/tfdaysreport.asp?sgid=ZvyVmXU8jBt9PJE$c7UXt6&spid=NRA_000000003106&reportdate=2020-04-01&enddate=2020-04-30&excel=1&intval=11
1313,3306,NRA_000000003306,2020-04-01,2020-04-30,Data/2020-04-01 - 2020-04-30/NRA_000000003306.xls,Data/Raw/2020-04-01 - 2020-04-30/NRA_000000003306.xls,https://www.nratrafficdata.ie/c2/tfdaysreport.asp?sgid=ZvyVmXU8jBt9PJE$c7UXt6&spid=NRA_000000003306&reportdate=2020-04-01&enddate=2020-04-30&excel=1&intval=11
1321,3314,NRA_000000003314,2020-04-01,2020-04-30,Data/2020-04-01 - 2020-04-30/NRA_000000003314.xls,Data/Raw/2020-04-01 - 2020-04-30/NRA_000000003314.xls,https://www.nratrafficdata.ie/c2/tfdaysreport.asp?sgid=ZvyVmXU8jBt9PJE$c7UXt6&spid=NRA_000000003314&reportdate=2020-04-01&enddate=2020-04-30&excel=1&intval=11
1322,3401,NRA_000000003401,2020-04-01,2020-04-30,Data/2020-04-01 - 2020-04-30/NRA_000000003401.xls,Data/Raw/2020-04-01 - 2020-04-30/NRA_000000003401.xls,https://www.nratrafficdata.ie/c2/tfdaysreport.asp?sgid=ZvyVmXU8jBt9PJE$c7UXt6&spid=NRA_000000003401&reportdate=2020-04-01&enddate=2020-04-30&excel=1&intval=11
1378,20072,NRA_000000020072,2020-04-01,2020-04-30,Data/2020-04-01 - 2020-04-30/NRA_000000020072.xls,Data/Raw/2020-04-01 - 2020-04-30/NRA_000000020072.xls,https://www.nratrafficdata.ie/c2/tfdaysreport.asp?sgid=ZvyVmXU8jBt9PJE$c7UXt6&spid=NRA_000000020072&reportdate=2020-04-01&enddate=2020-04-30&excel=1&intval=11
1379,20073,NRA_000000020073,2020-04-01,2020-04-30,Data/2020-04-01 - 2020-04-30/NRA_000000020073.xls,Data/Raw/2020-04-01 - 2020-04-30/NRA_000000020073.xls,https://www.nratrafficdata.ie/c2/tfdaysreport.asp?sgid=ZvyVmXU8jBt9PJE$c7UXt6&spid=NRA_000000020073&reportdate=2020-04-01&enddate=2020-04-30&excel=1&intval=11
1448,20562,NRA_000000020562,2020-04-01,2020-04-30,Data/2020-04-01 - 2020-04-30/NRA_000000020562.xls,Data/Raw/2020-04-01 - 2020-04-30/NRA_000000020562.xls,https://www.nratrafficdata.ie/c2/tfdaysreport.asp?sgid=ZvyVmXU8jBt9PJE$c7UXt6&spid=NRA_000000020562&reportdate=2020-04-01&enddate=2020-04-30&excel=1&intval=11
1470,32501,NRA_000000032501,2020-04-01,2020-04-30,Data/2020-04-01 - 2020-04-30/NRA_000000032501.xls,Data/Raw/2020-04-01 - 2020-04-30/NRA_000000032501.xls,https://www.nratrafficdata.ie/c2/tfdaysreport.asp?sgid=ZvyVmXU8jBt9PJE$c7UXt6&spid=NRA_000000032501&reportdate=2020-04-01&enddate=2020-04-30&excel=1&intval=11
1471,32502,NRA_000000032502,2020-04-01,2020-04-30,Data/2020-04-01 - 2020-04-30/NRA_000000032502.xls,Data/Raw/2020-04-01 - 2020-04-30/NRA_000000032502.xls,https://www.nratrafficdata.ie/c2/tfdaysreport.asp?sgid=ZvyVmXU8jBt9PJE$c7UXt6&spid=NRA_000000032502&reportdate=2020-04-01&enddate=2020-04-30&excel=1&intval=11
1472,150141,NRA_000000150141,2020-04-01,2020-04-30,Data/2020-04-01 - 2020-04-30/NRA_000000150141.xls,Data/Raw/2020-04-01 - 2020-04-30/NRA_000000150141.xls,https://www.nratrafficdata.ie/c2/tfdaysreport.asp?sgid=ZvyVmXU8jBt9PJE$c7UXt6&spid=NRA_000000150141&reportdate=2020-04-01&enddate=2020-04-30&excel=1&intval=11
1496,997,NRA_000000000997,2020-05-01,2020-05-31,Data/2020-05-01 - 2020-05-31/NRA_000000000997.xls,Data/Raw/2020-05-01 - 2020-05-31/NRA_000000000997.xls,https://www.nratrafficdata.ie/c2/tfdaysreport.asp?sgid=ZvyVmXU8jBt9PJE$c7UXt6&spid=NRA_000000000997&reportdate=2020-05-01&enddate=2020-05-31&excel=1&intval=11
1588,1321,NRA_000000001321,2020-05-01,2020-05-31,Data/2020-05-01 - 2020-05-31/NRA_000000001321.xls,Data/Raw/2020-05-01 - 2020-05-31/NRA_000000001321.xls,https://www.nratrafficdata.ie/c2/tfdaysreport.asp?sgid=ZvyVmXU8jBt9PJE$c7UXt6&spid=NRA_000000001321&reportdate=2020-05-01&enddate=2020-05-31&excel=1&intval=11
1590,1401,NRA_000000001401,2020-05-01,2020-05-31,Data/2020-05-01 - 2020-05-31/NRA_000000001401.xls,Data/Raw/2020-05-01 - 2020-05-31/NRA_000000001401.xls,https://www.nratrafficdata.ie/c2/tfdaysreport.asp?sgid=ZvyVmXU8jBt9PJE$c7UXt6&spid=NRA_000000001401&reportdate=2020-05-01&enddate=2020-05-31&excel=1&intval=11
1591,1403,NRA_000000001403,2020-05-01,2020-05-31,Data/2020-05-01 - 2020-05-31/NRA_000000001403.xls,Data/Raw/2020-05-01 - 2020-05-31/NRA_000000001403.xls,https://www.nratrafficdata.ie/c2/tfdaysreport.asp?sgid=ZvyVmXU8jBt9PJE$c7UXt6&spid=NRA_000000001403&reportdate=2020-05-01&enddate=2020-05-31&excel=1&intval=11
1592,1404,NRA_000000001404,2020-05-01,2020-05-31,Data/2020-05-01 - 2020-05-31/NRA_000000001404.xls,Data/Raw/2020-05-01 - 2020-05-31/NRA_000000001404.xls,https://www.nratrafficdata.ie/c2/tfdaysreport.asp?sgid=ZvyVmXU8jBt9PJE$c7UXt6&spid=NRA_000000001404&reportdate=2020-05-01&enddate=2020-05-31&excel=1&intval=11
1593,1405,NRA_000000001405,2020-05-01,2020-05-31,Data/2020-05-01 - 2020-05-31/NRA_000000001405.xls,Data/Raw/2020-05-01 - 2020-05-31/NRA_000000001405.xls,https://www.nratrafficdata.ie/c2/tfdaysreport.asp?sgid=ZvyVmXU8jBt9PJE$c7UXt6&spid=NRA_000000001405&reportdate=2020-05-01&enddate=2020-05-31&excel=1&intval=11
1669,3102,NRA_000000003102,2020-05-01,2020-05-31,Data/2020-05-01 - 2020-05-31/NRA_000000003102.xls,Data/Raw/2020-05-01 - 2020-05-31/NRA_000000003102.xls,https://www.nratrafficdata.ie/c2/tfdaysreport.asp?sgid=ZvyVmXU8jBt9PJE$c7UXt6&spid=NRA_000000003102&reportdate=2020-05-01&enddate=2020-05-31&excel=1&intval=11
1670,3103,NRA_000000003103,2020-05-01,2020-05-31,Data/2020-05-01 - 2020-05-31/NRA_000000003103.xls,Data/Raw/2020-05-01 - 2020-05-31/NRA_000000003103.xls,https://www.nratrafficdata.ie/c2/tfdaysreport.asp?sgid=ZvyVmXU8jBt9PJE$c7UXt6&spid=NRA_000000003103&reportdate=2020-05-01&enddate=2020-05-31&excel=1&intval=11
1671,3104,NRA_000000003104,2020-05-01,2020-05-31,Data/2020-05-01 - 2020-05-31/NRA_000000003104.xls,Data/Raw/2020-05-01 - 2020-05-31/NRA_000000003104.xls,https://www.nratrafficdata.ie/c2/tfdaysreport.asp?sgid=ZvyVmXU8jBt9PJE$c7UXt6&spid=NRA_000000003104&reportdate=2020-05-01&enddate=2020-05-31&excel=1&intval=11
1672,3105,NRA_000000003105,2020-05-01,2020-05-31,Data/2020-05-01 - 2020-05-31/NRA_000000003105.xls,Data/Raw/2020-05-01 - 2020-05-31/NRA_000000003105.xls,https://www.nratrafficdata.ie/c2/tfdaysreport.asp?sgid=ZvyVmXU8jBt9PJE$c7UXt6&spid=NRA_000000003105&reportdate=2020-05-01&enddate=2020-05-31&excel=1&intval=11
1673,3106,NRA_000000003106,2020-05-01,2020-05-31,Data/2020-05-01 - 2020-05-31/NRA_000000003106.xls,Data/Raw/2020-05-01 - 2020-05-31/NRA_000000003106.xls,https://www.nratrafficdata.ie/c2/tfdaysreport.asp?sgid=ZvyVmXU8jBt9PJE$c7UXt6&spid=NRA_000000003106&reportdate=2020-05-01&enddate=2020-05-31&excel=1&intval=11
1695,3314,NRA_000000003314,2020-05-01,2020-05-31,Data/2020-05-01 - 2020-05-31/NRA_000000003314.xls,Data/Raw/2020-05-01 - 2020-05-31/NRA_000000003314.xls,https://www.nratrafficdata.ie/c2/tfdaysreport.asp?sgid=ZvyVmXU8jBt9PJE$c7UXt6&spid=NRA_000000003314&reportdate=2020-05-01&enddate=2020-05-31&excel=1&intval=11
1752,20072,NRA_000000020072,2020-05-01,2020-05-31,Data/2020-05-01 - 2020-05-31/NRA_000000020072.xls,Data/Raw/2020-05-01 - 2020-05-31/NRA_000000020072.xls,https://www.nratrafficdata.ie/c2/tfdaysreport.asp?sgid=ZvyVmXU8jBt9PJE$c7UXt6&spid=NRA_000000020072&reportdate=2020-05-01&enddate=2020-05-31&excel=1&intval=11
1753,20073,NRA_000000020073,2020-05-01,2020-05-31,Data/2020-05-01 - 2020-05-31/NRA_000000020073.xls,Data/Raw/2020-05-01 - 2020-05-31/NRA_000000020073.xls,https://www.nratrafficdata.ie/c2/tfdaysreport.asp?sgid=ZvyVmXU8jBt9PJE$c7UXt6&spid=NRA_000000020073&reportdate=2020-05-01&enddate=2020-05-31&excel=1&intval=11
1814,20511,NRA_000000020511,2020-05-01,2020-05-31,Data/2020-05-01 - 2020-05-31/NRA_000000020511.xls,Data/Raw/2020-05-01 - 2020-05-31/NRA_000000020511.xls,https://www.nratrafficdata.ie/c2/tfdaysreport.asp?sgid=ZvyVmXU8jBt9PJE$c7UXt6&spid=NRA_000000020511&reportdate=2020-05-01&enddate=2020-05-31&excel=1&intval=11
1822,20562,NRA_000000020562,2020-05-01,2020-05-31,Data/2020-05-01 - 2020-05-31/NRA_000000020562.xls,Data/Raw/2020-05-01 - 2020-05-31/NRA_000000020562.xls,https://www.nratrafficdata.ie/c2/tfdaysreport.asp?sgid=ZvyVmXU8jBt9PJE$c7UXt6&spid=NRA_000000020562&reportdate=2020-05-01&enddate=2020-05-31&excel=1&intval=11
1844,32501,NRA_000000032501,2020-05-01,2020-05-31,Data/2020-05-01 - 2020-05-31/NRA_000000032501.xls,Data/Raw/2020-05-01 - 2020-05-31/NRA_000000032501.xls,https://www.nratrafficdata.ie/c2/tfdaysreport.asp?sgid=ZvyVmXU8jBt9PJE$c7UXt6&spid=NRA_000000032501&reportdate=2020-05-01&enddate=2020-05-31&excel=1&intval=11
1845,32502,NRA_000000032502,2020-05-01,2020-05-31,Data/2020-05-01 - 2020-05-31/NRA_000000032502.xls,Data/Raw/2020-05-01 - 2020-05-31/NRA_000000032502.xls,https://www.nratrafficdata.ie/c2/tfdaysreport.asp?sgid=ZvyVmXU8jBt9PJE$c7UXt6&spid=NRA_000000032502&reportdate=2020-05-01&enddate=2020-05-31&excel=1&intval=11
1846,150141,NRA_000000150141,2020-05-01,2020-05-31,Data/2020-05-01 - 2020-05-31/NRA_000000150141.xls,Data/Raw/2020-05-01 - 2020-05-31/NRA_000000150141.xls,https://www.nratrafficdata.ie/c2/tfdaysreport.asp?sgid=ZvyVmXU8jBt9PJE$c7UXt6&spid=NRA_000000150141&reportdate=2020-05-01&enddate=2020-05-31&excel=1&intval=11
1870,997,NRA_000000000997,2020-06-01,2020-06-30,Data/2020-06-01 - 2020-06-30/NRA_000000000997.xls,Data/Raw/2020-06-01 - 2020-06-30/NRA_000000000997.xls,https://www.nratrafficdata.ie/c2/tfdaysreport.asp?sgid=ZvyVmXU8jBt9PJE$c7UXt6&spid=NRA_000000000997&reportdate=2020-06-01&enddate=2020-06-30&excel=1&intval=11
1926,1161,NRA_000000001161,2020-06-01,2020-06-30,Data/2020-06-01 - 2020-06-30/NRA_000000001161.xls,Data/Raw/2020-06-01 - 2020-06-30/NRA_000000001161.xls,https://www.nratrafficdata.ie/c2/tfdaysreport.asp?sgid=ZvyVmXU8jBt9PJE$c7UXt6&spid=NRA_000000001161&reportdate=2020-06-01&enddate=2020-06-30&excel=1&intval=11
1958,1302,NRA_000000001302,2020-06-01,2020-06-30,Data/2020-06-01 - 2020-06-30/NRA_000000001302.xls,Data/Raw/2020-06-01 - 2020-06-30/NRA_000000001302.xls,https://www.nratrafficdata.ie/c2/tfdaysreport.asp?sgid=ZvyVmXU8jBt9PJE$c7UXt6&spid=NRA_000000001302&reportdate=2020-06-01&enddate=2020-06-30&excel=1&intval=11
1962,1321,NRA_000000001321,2020-06-01,2020-06-30,Data/2020-06-01 - 2020-06-30/NRA_000000001321.xls,Data/Raw/2020-06-01 - 2020-06-30/NRA_000000001321.xls,https://www.nratrafficdata.ie/c2/tfdaysreport.asp?sgid=ZvyVmXU8jBt9PJE$c7UXt6&spid=NRA_000000001321&reportdate=2020-06-01&enddate=2020-06-30&excel=1&intval=11
1964,1401,NRA_000000001401,2020-06-01,2020-06-30,Data/2020-06-01 - 2020-06-30/NRA_000000001401.xls,Data/Raw/2020-06-01 - 2020-06-30/NRA_000000001401.xls,https://www.nratrafficdata.ie/c2/tfdaysreport.asp?sgid=ZvyVmXU8jBt9PJE$c7UXt6&spid=NRA_000000001401&reportdate=2020-06-01&enddate=2020-06-30&excel=1&intval=11
1965,1403,NRA_000000001403,2020-06-01,2020-06-30,Data/2020-06-01 - 2020-06-30/NRA_000000001403.xls,Data/Raw/2020-06-01 - 2020-06-30/NRA_000000001403.xls,https://www.nratrafficdata.ie/c2/tfdaysreport.asp?sgid=ZvyVmXU8jBt9PJE$c7UXt6&spid=NRA_000000001403&reportdate=2020-06-01&enddate=2020-06-30&excel=1&intval=11
1966,1404,NRA_000000001404,2020-06-01,2020-06-30,Data/2020-06-01 - 2020-06-30/NRA_000000001404.xls,Data/Raw/2020-06-01 - 2020-06-30/NRA_000000001404.xls,https://www.nratrafficdata.ie/c2/tfdaysreport.asp?sgid=ZvyVmXU8jBt9PJE$c7UXt6&spid=NRA_000000001404&reportdate=2020-06-01&enddate=2020-06-30&excel=1&intval=11
1967,1405,NRA_000000001405,2020-06-01,2020-06-30,Data/2020-06-01 - 2020-06-30/NRA_000000001405.xls,Data/Raw/2020-06-01 - 2020-06-30/NRA_000000001405.xls,https://www.nratrafficdata.ie/c2/tfdaysreport.asp?sgid=ZvyVmXU8jBt9PJE$c7UXt6&spid=NRA_000000001405&reportdate=2020-06-01&enddate=2020-06-30&excel=1&intval=11
2043,3102,NRA_000000003102,2020-06-01,2020-06-30,Data/2020-06-01 - 2020-06-30/NRA_000000003102.xls,Data/Raw/2020-06-01 - 2020-06-30/NRA_000000003102.xls,https://www.nratrafficdata.ie/c2/tfdaysreport.asp?sgid=ZvyVmXU8jBt9PJE$c7UXt6&spid=NRA_000000003102&reportdate=2020-06-01&enddate=2020-06-30&excel=1&intval=11
2044,3103,NRA_000000003103,2020-06-01,2020-06-30,Data/2020-06-01 - 2020-06-30/NRA_000000003103.xls,Data/Raw/2020-06-01 - 2020-06-30/NRA_000000003103.xls,https://www.nratrafficdata.ie/c2/tfdaysreport.asp?sgid=ZvyVmXU8jBt9PJE$c7UXt6&spid=NRA_000000003103&reportdate=2020-06-01&enddate=2020-06-30&excel=1&intval=11
2045,3104,NRA_000000003104,2020-06-01,2020-06-30,Data/2020-06-01 - 2020-06-30/NRA_000000003104.xls,Data/Raw/2020-06-01 - 2020-06-30/NRA_000000003104.xls,https://www.nratrafficdata.ie/c2/tfdaysreport.asp?sgid=ZvyVmXU8jBt9PJE$c7UXt6&spid=NRA_000000003104&reportdate=2020-06-01&enddate=2020-06-30&excel=1&intval=11
2046,3105,NRA_000000003105,2020-06-01,2020-06-30,Data/2020-06-01 - 2020-06-30/NRA_000000003105.xls,Data/Raw/2020-06-01 - 2020-06-30/NRA_000000003105.xls,https://www.nratrafficdata.ie/c2/tfdaysreport.asp?sgid=ZvyVmXU8jBt9PJE$c7UXt6&spid=NRA_000000003105&reportdate=2020-06-01&enddate=2020-06-30&excel=1&intval=11
2047,3106,NRA_000000003106,2020-06-01,2020-06-30,Data/2020-06-01 - 2020-06-30/NRA_000000003106.xls,Data/Raw/2020-06-01 - 2020-06-30/NRA_000000003106.xls,https://www.nratrafficdata.ie/c2/tfdaysreport.asp?sgid=ZvyVmXU8jBt9PJE$c7UXt6&spid=NRA_000000003106&reportdate=2020-06-01&enddate=2020-06-30&excel=1&intval=11
2048,3111,NRA_000000003111,2020-06-01,2020-06-30,Data/2020-06-01 - 2020-06-30/NRA_000000003111.xls,Data/Raw/2020-06-01 - 2020-06-30/NRA_000000003111.xls,https://www.nratrafficdata.ie/c2/tfdaysreport.asp?sgid=ZvyVmXU8jBt9PJE$c7UXt6&spid=NRA_000000003111&reportdate=2020-06-01&enddate=2020-06-30&excel=1&intval=11
2069,3314,NRA_000000003314,2020-06-01,2020-06-30,Data/2020-06-01 - 2020-06-30/NRA_000000003314.xls,Data/Raw/2020-06-01 - 2020-06-30/NRA_000000003314.xls,https://www.nratrafficdata.ie/c2/tfdaysreport.asp?sgid=ZvyVmXU8jBt9PJE$c7UXt6&spid=NRA_000000003314&reportdate=2020-06-01&enddate=2020-06-30&excel=1&intval=11
2070,3401,NRA_000000003401,2020-06-01,2020-06-30,Data/2020-06-01 - 2020-06-30/NRA_000000003401.xls,Data/Raw/2020-06-01 - 2020-06-30/NRA_000000003401.xls,https://www.nratrafficdata.ie/c2/tfdaysreport.asp?sgid=ZvyVmXU8jBt9PJE$c7UXt6&spid=NRA_000000003401&reportdate=2020-06-01&enddate=2020-06-30&excel=1&intval=11
2088,3805,NRA_000000003805,2020-06-01,2020-06-30,Data/2020-06-01 - 2020-06-30/NRA_000000003805.xls,Data/Raw/2020-06-01 - 2020-06-30/NRA_000000003805.xls,https://www.nratrafficdata.ie/c2/tfdaysreport.asp?sgid=ZvyVmXU8jBt9PJE$c7UXt6&spid=NRA_000000003805&reportdate=2020-06-01&enddate=2020-06-30&excel=1&intval=11
2112,20042,NRA_000000020042,2020-06-01,2020-06-30,Data/2020-06-01 - 2020-06-30/NRA_000000020042.xls,Data/Raw/2020-06-01 - 2020-06-30/NRA_000000020042.xls,https://www.nratrafficdata.ie/c2/tfdaysreport.asp?sgid=ZvyVmXU8jBt9PJE$c7UXt6&spid=NRA_000000020042&reportdate=2020-06-01&enddate=2020-06-30&excel=1&intval=11
2126,20072,NRA_000000020072,2020-06-01,2020-06-30,Data/2020-06-01 - 2020-06-30/NRA_000000020072.xls,Data/Raw/2020-06-01 - 2020-06-30/NRA_000000020072.xls,https://www.nratrafficdata.ie/c2/tfdaysreport.asp?sgid=ZvyVmXU8jBt9PJE$c7UXt6&spid=NRA_000000020072&reportdate=2020-06-01&enddate=2020-06-30&excel=1&intval=11
2127,20073,NRA_000000020073,2020-06-01,2020-06-30,Data/2020-06-01 - 2020-06-30/NRA_000000020073.xls,Data/Raw/2020-06-01 - 2020-06-30/NRA_000000020073.xls,https://www.nratrafficdata.ie/c2/tfdaysreport.asp?sgid=ZvyVmXU8jBt9PJE$c7UXt6&spid=NRA_000000020073&reportdate=2020-06-01&enddate=2020-06-30&excel=1&intval=11
2188,20511,NRA_000000020511,2020-06-01,2020-06-30,Data/2020-06-01 - 2020-06-30/NRA_000000020511.xls,Data/Raw/2020-06-01 - 2020-06-30/NRA_000000020511.xls,https://www.nratrafficdata.ie/c2/tfdaysreport.asp?sgid=ZvyVmXU8jBt9PJE$c7UXt6&spid=NRA_000000020511&reportdate=2020-06-01&enddate=2020-06-30&excel=1&intval=11
2196,20562,NRA_000000020562,2020-06-01,2020-06-30,Data/2020-06-01 - 2020-06-30/NRA_000000020562.xls,Data/Raw/2020-06-01 - 2020-06-30/NRA_000000020562.xls,https://www.nratrafficdata.ie/c2/tfdaysreport.asp?sgid=ZvyVmXU8jBt9PJE$c7UXt6&spid=NRA_000000020562&reportdate=2020-06-01&enddate=2020-06-30&excel=1&intval=11
2218,32501,NRA_000000032501,2020-06-01,2020-06-30,Data/2020-06-01 - 2020-06-30/NRA_000000032501.xls,Data/Raw/2020-06-01 - 2020-06-30/NRA_000000032501.xls,https://www.nratrafficdata.ie/c2/tfdaysreport.asp?sgid=ZvyVmXU8jBt9PJE$c7UXt6&spid=NRA_000000032501&reportdate=2020-06-01&enddate=2020-06-30&excel=1&intval=11
2219,32502,NRA_000000032502,2020-06-01,2020-06-30,Data/2020-06-01 - 2020-06-30/NRA_000000032502.xls,Data/Raw/2020-06-01 - 2020-06-30/NRA_000000032502.xls,https://www.nratrafficdata.ie/c2/tfdaysreport.asp?sgid=ZvyVmXU8jBt9PJE$c7UXt6&spid=NRA_000000032502&reportdate=2020-06-01&enddate=2020-06-30&excel=1&intval=11
2220,150141,NRA_000000150141,2020-06-01,2020-06-30,Data/2020-06-01 - 2020-06-30/NRA_000000150141.xls,Data/Raw/2020-06-01 - 2020-06-30/NRA_000000150141.xls,https://www.nratrafficdata.ie/c2/tfdaysreport.asp?sgid=ZvyVmXU8jBt9PJE$c7UXt6&spid=NRA_000000150141&reportdate=2020-06-01&enddate=2020-06-30&excel=1&intval=11
2300,1161,NRA_000000001161,2020-07-01,2020-07-31,Data/2020-07-01 - 2020-07-31/NRA_000000001161.xls,Data/Raw/2020-07-01 - 2020-07-31/NRA_000000001161.xls,https://www.nratrafficdata.ie/c2/tfdaysreport.asp?sgid=ZvyVmXU8jBt9PJE$c7UXt6&spid=NRA_000000001161&reportdate=2020-07-01&enddate=2020-07-31&excel=1&intval=11
2336,1321,NRA_000000001321,2020-07-01,2020-07-31,Data/2020-07-01 - 2020-07-31/NRA_000000001321.xls,Data/Raw/2020-07-01 - 2020-07-31/NRA_000000001321.xls,https://www.nratrafficdata.ie/c2/tfdaysreport.asp?sgid=ZvyVmXU8jBt9PJE$c7UXt6&spid=NRA_000000001321&reportdate=2020-07-01&enddate=2020-07-31&excel=1&intval=11
2338,1401,NRA_000000001401,2020-07-01,2020-07-31,Data/2020-07-01 - 2020-07-31/NRA_000000001401.xls,Data/Raw/2020-07-01 - 2020-07-31/NRA_000000001401.xls,https://www.nratrafficdata.ie/c2/tfdaysreport.asp?sgid=ZvyVmXU8jBt9PJE$c7UXt6&spid=NRA_000000001401&reportdate=2020-07-01&enddate=2020-07-31&excel=1&intval=11
2339,1403,NRA_000000001403,2020-07-01,2020-07-31,Data/2020-07-01 - 2020-07-31/NRA_000000001403.xls,Data/Raw/2020-07-01 - 2020-07-31/NRA_000000001403.xls,https://www.nratrafficdata.ie/c2/tfdaysreport.asp?sgid=ZvyVmXU8jBt9PJE$c7UXt6&spid=NRA_000000001403&reportdate=2020-07-01&enddate=2020-07-31&excel=1&intval=11
2340,1404,NRA_000000001404,2020-07-01,2020-07-31,Data/2020-07-01 - 2020-07-31/NRA_000000001404.xls,Data/Raw/2020-07-01 - 2020-07-31/NRA_000000001404.xls,https://www.nratrafficdata.ie/c2/tfdaysreport.asp?sgid=ZvyVmXU8jBt9PJE$c7UXt6&spid=NRA_000000001404&reportdate=2020-07-01&enddate=2020-07-31&excel=1&intval=11
2341,1405,NRA_000000001405,2020-07-01,2020-07-31,Data/2020-07-01 - 2020-07-31/NRA_000000001405.xls,Data/Raw/2020-07-01 - 2020-07-31/NRA_000000001405.xls,https://www.nratrafficdata.ie/c2/tfdaysreport.asp?sgid=ZvyVmXU8jBt9PJE$c7UXt6&spid=NRA_000000001405&reportdate=2020-07-01&enddate=2020-07-31&excel=1&intval=11
2417,3102,NRA_000000003102,2020-07-01,2020-07-31,Data/2020-07-01 - 2020-07-31/NRA_000000003102.xls,Data/Raw/2020-07-01 - 2020-07-31/NRA_000000003102.xls,https://www.nratrafficdata.ie/c2/tfdaysreport.asp?sgid=ZvyVmXU8jBt9PJE$c7UXt6&spid=NRA_000000003102&reportdate=2020-07-01&enddate=2020-07-31&excel=1&intval=11
2418,3103,NRA_000000003103,2020-07-01,2020-07-31,Data/2020-07-01 - 2020-07-31/NRA_000000003103.xls,Data/Raw/2020-07-01 - 2020-07-31/NRA_000000003103.xls,https://www.nratrafficdata.ie/c2/tfdaysreport.asp?sgid=ZvyVmXU8jBt9PJE$c7UXt6&spid=NRA_000000003103&reportdate=2020-07-01&enddate=2020-07-31&excel=1&intval=11
2419,3104,NRA_000000003104,2020-07-01,2020-07-31,Data/2020-07-01 - 2020-07-31/NRA_000000003104.xls,Data/Raw/2020-07-01 - 2020-07-31/NRA_000000003104.xls,https://www.nratrafficdata.ie/c2/tfdaysreport.asp?sgid=ZvyVmXU8jBt9PJE$c7UXt6&spid=NRA_000000003104&reportdate=2020-07-01&enddate=2020-07-31&excel=1&intval=11
2420,3105,NRA_000000003105,2020-07-01,2020-07-31,Data/2020-07-01 - 2020-07-31/NRA_000000003105.xls,Data/Raw/2020-07-01 - 2020-07-31/NRA_000000003105.xls,https://www.nratrafficdata.ie/c2/tfdaysreport.asp?sgid=ZvyVmXU8jBt9PJE$c7UXt6&spid=NRA_000000003105&reportdate=2020-07-01&enddate=2020-07-31&excel=1&intval=11
2421,3106,NRA_000000003106,2020-07-01,2020-07-31,Data/2020-07-01 - 2020-07-31/NRA_000000003106.xls,Data/Raw/2020-07-01 - 2020-07-31/NRA_000000003106.xls,https://www.nratrafficdata.ie/c2/tfdaysreport.asp?sgid=ZvyVmXU8jBt9PJE$c7UXt6&spid=NRA_000000003106&reportdate=2020-07-01&enddate=2020-07-31&excel=1&intval=11
2422,3111,NRA_000000003111,2020-07-01,2020-07-31,Data/2020-07-01 - 2020-07-31/NRA_000000003111.xls,Data/Raw/2020-07-01 - 2020-07-31/NRA_000000003111.xls,https://www.nratrafficdata.ie/c2/tfdaysreport.asp?sgid=ZvyVmXU8jBt9PJE$c7UXt6&spid=NRA_000000003111&reportdate=2020-07-01&enddate=2020-07-31&excel=1&intval=11
2444,3401,NRA_000000003401,2020-07-01,2020-07-31,Data/2020-07-01 - 2020-07-31/NRA_000000003401.xls,Data/Raw/2020-07-01 - 2020-07-31/NRA_000000003401.xls,https://www.nratrafficdata.ie/c2/tfdaysreport.asp?sgid=ZvyVmXU8jBt9PJE$c7UXt6&spid=NRA_000000003401&reportdate=2020-07-01&enddate=2020-07-31&excel=1&intval=11
2486,20042,NRA_000000020042,2020-07-01,2020-07-31,Data/2020-07-01 - 2020-07-31/NRA_000000020042.xls,Data/Raw/2020-07-01 - 2020-07-31/NRA_000000020042.xls,https://www.nratrafficdata.ie/c2/tfdaysreport.asp?sgid=ZvyVmXU8jBt9PJE$c7UXt6&spid=NRA_000000020042&reportdate=2020-07-01&enddate=2020-07-31&excel=1&intval=11
2500,20072,NRA_000000020072,2020-07-01,2020-07-31,Data/2020-07-01 - 2020-07-31/NRA_000000020072.xls,Data/Raw/2020-07-01 - 2020-07-31/NRA_000000020072.xls,https://www.nratrafficdata.ie/c2/tfdaysreport.asp?sgid=ZvyVmXU8jBt9PJE$c7UXt6&spid=NRA_000000020072&reportdate=2020-07-01&enddate=2020-07-31&excel=1&intval=11
2501,20073,NRA_000000020073,2020-07-01,2020-07-31,Data/2020-07-01 - 2020-07-31/NRA_000000020073.xls,Data/Raw/2020-07-01 - 2020-07-31/NRA_000000020073.xls,https://www.nratrafficdata.ie/c2/tfdaysreport.asp?sgid=ZvyVmXU8jBt9PJE$c7UXt6&spid=NRA_000000020073&reportdate=2020-07-01&enddate=2020-07-31&excel=1&intval=11
2554,20251,NRA_000000020251,2020-07-01,2020-07-31,Data/2020-07-01 - 2020-07-31/NRA_000000020251.xls,Data/Raw/2020-07-01 - 2020-07-31/NRA_000000020251.xls,https://www.nratrafficdata.ie/c2/tfdaysreport.asp?sgid=ZvyVmXU8jBt9PJE$c7UXt6&spid=NRA_000000020251&reportdate=2020-07-01&enddate=2020-07-31&excel=1&intval=11
2562,20511,NRA_000000020511,2020-07-01,2020-07-31,Data/2020-07-01 - 2020-07-31/NRA_000000020511.xls,Data/Raw/2020-07-01 - 2020-07-31/NRA_000000020511.xls,https://www.nratrafficdata.ie/c2/tfdaysreport.asp?sgid=ZvyVmXU8jBt9PJE$c7UXt6&spid=NRA_000000020511&reportdate=2020-07-01&enddate=2020-07-31&excel=1&intval=11
2570,20562,NRA_000000020562,2020-07-01,2020-07-31,Data/2020-07-01 - 2020-07-31/NRA_000000020562.xls,Data/Raw/2020-07-01 - 2020-07-31/NRA_000000020562.xls,https://www.nratrafficdata.ie/c2/tfdaysreport.asp?sgid=ZvyVmXU8jBt9PJE$c7UXt6&spid=NRA_000000020562&reportdate=2020-07-01&enddate=2020-07-31&excel=1&intval=11
2579,20801,NRA_000000020801,2020-07-01,2020-07-31,Data/2020-07-01 - 2020-07-31/NRA_000000020801.xls,Data/Raw/2020-07-01 - 2020-07-31/NRA_000000020801.xls,https://www.nratrafficdata.ie/c2/tfdaysreport.asp?sgid=ZvyVmXU8jBt9PJE$c7UXt6&spid=NRA_000000020801&reportdate=2020-07-01&enddate=2020-07-31&excel=1&intval=11
2592,32501,NRA_000000032501,2020-07-01,2020-07-31,Data/2020-07-01 - 2020-07-31/NRA_000000032501.xls,Data/Raw/2020-07-01 - 2020-07-31/NRA_000000032501.xls,https://www.nratrafficdata.ie/c2/tfdaysreport.asp?sgid=ZvyVmXU8jBt9PJE$c7UXt6&spid=NRA_000000032501&reportdate=2020-07-01&enddate=2020-07-31&excel=1&intval=11
2593,32502,NRA_000000032502,2020-07-01,2020-07-31,Data/2020-07-01 - 2020-07-31/NRA_000000032502.xls,Data/Raw/2020-07-01 - 2020-07-31/NRA_000000032502.xls,https://www.nratrafficdata.ie/c2/tfdaysreport.asp?sgid=ZvyVmXU8jBt9PJE$c7UXt6&spid=NRA_000000032502&reportdate=2020-07-01&enddate=2020-07-31&excel=1&intval=11
2594,150141,NRA_000000150141,2020-07-01,2020-07-31,Data/2020-07-01 - 2020-07-31/NRA_000000150141.xls,Data/Raw/2020-07-01 - 2020-07-31/NRA_000000150141.xls,https://www.nratrafficdata.ie/c2/tfdaysreport.asp?sgid=ZvyVmXU8jBt9PJE$c7UXt6&spid=NRA_000000150141&reportdate=2020-07-01&enddate=2020-07-31&excel=1&intval=11
2666,1113,NRA_000000001113,2020-08-01,2020-08-31,Data/2020-08-01 - 2020-08-31/NRA_000000001113.xls,Data/Raw/2020-08-01 - 2020-08-31/NRA_000000001113.xls,https://www.nratrafficdata.ie/c2/tfdaysreport.asp?sgid=ZvyVmXU8jBt9PJE$c7UXt6&spid=NRA_000000001113&reportdate=2020-08-01&enddate=2020-08-31&excel=1&intval=11
2674,1161,NRA_000000001161,2020-08-01,2020-08-31,Data/2020-08-01 - 2020-08-31/NRA_000000001161.xls,Data/Raw/2020-08-01 - 2020-08-31/NRA_000000001161.xls,https://www.nratrafficdata.ie/c2/tfdaysreport.asp?sgid=ZvyVmXU8jBt9PJE$c7UXt6&spid=NRA_000000001161&reportdate=2020-08-01&enddate=2020-08-31&excel=1&intval=11
2710,1321,NRA_000000001321,2020-08-01,2020-08-31,Data/2020-08-01 - 2020-08-31/NRA_000000001321.xls,Data/Raw/2020-08-01 - 2020-08-31/NRA_000000001321.xls,https://www.nratrafficdata.ie/c2/tfdaysreport.asp?sgid=ZvyVmXU8jBt9PJE$c7UXt6&spid=NRA_000000001321&reportdate=2020-08-01&enddate=2020-08-31&excel=1&intval=11
2712,1401,NRA_000000001401,2020-08-01,2020-08-31,Data/2020-08-01 - 2020-08-31/NRA_000000001401.xls,Data/Raw/2020-08-01 - 2020-08-31/NRA_000000001401.xls,https://www.nratrafficdata.ie/c2/tfdaysreport.asp?sgid=ZvyVmXU8jBt9PJE$c7UXt6&spid=NRA_000000001401&reportdate=2020-08-01&enddate=2020-08-31&excel=1&intval=11
2713,1403,NRA_000000001403,2020-08-01,2020-08-31,Data/2020-08-01 - 2020-08-31/NRA_000000001403.xls,Data/Raw/2020-08-01 - 2020-08-31/NRA_000000001403.xls,https://www.nratrafficdata.ie/c2/tfdaysreport.asp?sgid=ZvyVmXU8jBt9PJE$c7UXt6&spid=NRA_000000001403&reportdate=2020-08-01&enddate=2020-08-31&excel=1&intval=11
2714,1404,NRA_000000001404,2020-08-01,2020-08-31,Data/2020-08-01 - 2020-08-31/NRA_000000001404.xls,Data/Raw/2020-08-01 - 2020-08-31/NRA_000000001404.xls,https://www.nratrafficdata.ie/c2/tfdaysreport.asp?sgid=ZvyVmXU8jBt9PJE$c7UXt6&spid=NRA_000000001404&reportdate=2020-08-01&enddate=2020-08-31&excel=1&intval=11
2715,1405,NRA_000000001405,2020-08-01,2020-08-31,Data/2020-08-01 - 2020-08-31/NRA_000000001405.xls,Data/Raw/2020-08-01 - 2020-08-31/NRA_000000001405.xls,https://www.nratrafficdata.ie/c2/tfdaysreport.asp?sgid=ZvyVmXU8jBt9PJE$c7UXt6&spid=NRA_000000001405&reportdate=2020-08-01&enddate=2020-08-31&excel=1&intval=11
2729,1522,NRA_000000001522,2020-08-01,2020-08-31,Data/2020-08-01 - 2020-08-31/NRA_000000001522.xls,Data/Raw/2020-08-01 - 2020-08-31/NRA_000000001522.xls,https://www.nratrafficdata.ie/c2/tfdaysreport.asp?sgid=ZvyVmXU8jBt9PJE$c7UXt6&spid=NRA_000000001522&reportdate=2020-08-01&enddate=2020-08-31&excel=1&intval=11
2791,3102,NRA_000000003102,2020-08-01,2020-08-31,Data/2020-08-01 - 2020-08-31/NRA_000000003102.xls,Data/Raw/2020-08-01 - 2020-08-31/NRA_000000003102.xls,https://www.nratrafficdata.ie/c2/tfdaysreport.asp?sgid=ZvyVmXU8jBt9PJE$c7UXt6&spid=NRA_000000003102&reportdate=2020-08-01&enddate=2020-08-31&excel=1&intval=11
2792,3103,NRA_000000003103,2020-08-01,2020-08-31,Data/2020-08-01 - 2020-08-31/NRA_000000003103.xls,Data/Raw/2020-08-01 - 2020-08-31/NRA_000000003103.xls,https://www.nratrafficdata.ie/c2/tfdaysreport.asp?sgid=ZvyVmXU8jBt9PJE$c7UXt6&spid=NRA_000000003103&reportdate=2020-08-01&enddate=2020-08-31&excel=1&intval=11
2793,3104,NRA_000000003104,2020-08-01,2020-08-31,Data/2020-08-01 - 2020-08-31/NRA_000000003104.xls,Data/Raw/2020-08-01 - 2020-08-31/NRA_000000003104.xls,https://www.nratrafficdata.ie/c2/tfdaysreport.asp?sgid=ZvyVmXU8jBt9PJE$c7UXt6&spid=NRA_000000003104&reportdate=2020-08-01&enddate=2020-08-31&excel=1&intval=11
2794,3105,NRA_000000003105,2020-08-01,2020-08-31,Data/2020-08-01 - 2020-08-31/NRA_000000003105.xls,Data/Raw/2020-08-01 - 2020-08-31/NRA_000000003105.xls,https://www.nratrafficdata.ie/c2/tfdaysreport.asp?sgid=ZvyVmXU8jBt9PJE$c7UXt6&spid=NRA_000000003105&reportdate=2020-08-01&enddate=2020-08-31&excel=1&intval=11
2795,3106,NRA_000000003106,2020-08-01,2020-08-31,Data/2020-08-01 - 2020-08-31/NRA_000000003106.xls,Data/Raw/2020-08-01 - 2020-08-31/NRA_000000003106.xls,https://www.nratrafficdata.ie/c2/tfdaysreport.asp?sgid=ZvyVmXU8jBt9PJE$c7UXt6&spid=NRA_000000003106&reportdate=2020-08-01&enddate=2020-08-31&excel=1&intval=11
2815,3312,NRA_000000003312,2020-08-01,2020-08-31,Data/2020-08-01 - 2020-08-31/NRA_000000003312.xls,Data/Raw/2020-08-01 - 2020-08-31/NRA_000000003312.xls,https://www.nratrafficdata.ie/c2/tfdaysreport.asp?sgid=ZvyVmXU8jBt9PJE$c7UXt6&spid=NRA_000000003312&reportdate=2020-08-01&enddate=2020-08-31&excel=1&intval=11
2860,20042,NRA_000000020042,2020-08-01,2020-08-31,Data/2020-08-01 - 2020-08-31/NRA_000000020042.xls,Data/Raw/2020-08-01 - 2020-08-31/NRA_000000020042.xls,https://www.nratrafficdata.ie/c2/tfdaysreport.asp?sgid=ZvyVmXU8jBt9PJE$c7UXt6&spid=NRA_000000020042&reportdate=2020-08-01&enddate=2020-08-31&excel=1&intval=11
2874,20072,NRA_000000020072,2020-08-01,2020-08-31,Data/2020-08-01 - 2020-08-31/NRA_000000020072.xls,Data/Raw/2020-08-01 - 2020-08-31/NRA_000000020072.xls,https://www.nratrafficdata.ie/c2/tfdaysreport.asp?sgid=ZvyVmXU8jBt9PJE$c7UXt6&spid=NRA_000000020072&reportdate=2020-08-01&enddate=2020-08-31&excel=1&intval=11
2875,20073,NRA_000000020073,2020-08-01,2020-08-31,Data/2020-08-01 - 2020-08-31/NRA_000000020073.xls,Data/Raw/2020-08-01 - 2020-08-31/NRA_000000020073.xls,https://www.nratrafficdata.ie/c2/tfdaysreport.asp?sgid=ZvyVmXU8jBt9PJE$c7UXt6&spid=NRA_000000020073&reportdate=2020-08-01&enddate=2020-08-31&excel=1&intval=11
2901,20117,NRA_000000020117,2020-08-01,2020-08-31,Data/2020-08-01 - 2020-08-31/NRA_000000020117.xls,Data/Raw/2020-08-01 - 2020-08-31/NRA_000000020117.xls,https://www.nratrafficdata.ie/c2/tfdaysreport.asp?sgid=ZvyVmXU8jBt9PJE$c7UXt6&spid=NRA_000000020117&reportdate=2020-08-01&enddate=2020-08-31&excel=1&intval=11
2919,20211,NRA_000000020211,2020-08-01,2020-08-31,Data/2020-08-01 - 2020-08-31/NRA_000000020211.xls,Data/Raw/2020-08-01 - 2020-08-31/NRA_000000020211.xls,https://www.nratrafficdata.ie/c2/tfdaysreport.asp?sgid=ZvyVmXU8jBt9PJE$c7UXt6&spid=NRA_000000020211&reportdate=2020-08-01&enddate=2020-08-31&excel=1&intval=11
2928,20251,NRA_000000020251,2020-08-01,2020-08-31,Data/2020-08-01 - 2020-08-31/NRA_000000020251.xls,Data/Raw/2020-08-01 - 2020-08-31/NRA_000000020251.xls,https://www.nratrafficdata.ie/c2/tfdaysreport.asp?sgid=ZvyVmXU8jBt9PJE$c7UXt6&spid=NRA_000000020251&reportdate=2020-08-01&enddate=2020-08-31&excel=1&intval=11
2944,20562,NRA_000000020562,2020-08-01,2020-08-31,Data/2020-08-01 - 2020-08-31/NRA_000000020562.xls,Data/Raw/2020-08-01 - 2020-08-31/NRA_000000020562.xls,https://www.nratrafficdata.ie/c2/tfdaysreport.asp?sgid=ZvyVmXU8jBt9PJE$c7UXt6&spid=NRA_000000020562&reportdate=2020-08-01&enddate=2020-08-31&excel=1&intval=11
2953,20801,NRA_000000020801,2020-08-01,2020-08-31,Data/2020-08-01 - 2020-08-31/NRA_000000020801.xls,Data/Raw/2020-08-01 - 2020-08-31/NRA_000000020801.xls,https://www.nratrafficdata.ie/c2/tfdaysreport.asp?sgid=ZvyVmXU8jBt9PJE$c7UXt6&spid=NRA_000000020801&reportdate=2020-08-01&enddate=2020-08-31&excel=1&intval=11
2966,32501,NRA_000000032501,2020-08-01,2020-08-31,Data/2020-08-01 - 2020-08-31/NRA_000000032501.xls,Data/Raw/2020-08-01 - 2020-08-31/NRA_000000032501.xls,https://www.nratrafficdata.ie/c2/tfdaysreport.asp?sgid=ZvyVmXU8jBt9PJE$c7UXt6&spid=NRA_000000032501&reportdate=2020-08-01&enddate=2020-08-31&excel=1&intval=11
2967,32502,NRA_000000032502,2020-08-01,2020-08-31,Data/2020-08-01 - 2020-08-31/NRA_000000032502.xls,Data/Raw/2020-08-01 - 2020-08-31/NRA_000000032502.xls,https://www.nratrafficdata.ie/c2/tfdaysreport.asp?sgid=ZvyVmXU8jBt9PJE$c7UXt6&spid=NRA_000000032502&reportdate=2020-08-01&enddate=2020-08-31&excel=1&intval=11
2968,150141,NRA_000000150141,2020-08-01,2020-08-31,Data/2020-08-01 - 2020-08-31/NRA_000000150141.xls,Data/Raw/2020-08-01 - 2020-08-31/NRA_000000150141.xls,https://www.nratrafficdata.ie/c2/tfdaysreport.asp?sgid=ZvyVmXU8jBt9PJE$c7UXt6&spid=NRA_000000150141&reportdate=2020-08-01&enddate=2020-08-31&excel=1&intval=11
2992,997,NRA_000000000997,2020-09-01,2020-09-30,Data/2020-09-01 - 2020-09-30/NRA_000000000997.xls,Data/Raw/2020-09-01 - 2020-09-30/NRA_000000000997.xls,https://www.nratrafficdata.ie/c2/tfdaysreport.asp?sgid=ZvyVmXU8jBt9PJE$c7UXt6&spid=NRA_000000000997&reportdate=2020-09-01&enddate=2020-09-30&excel=1&intval=11
3002,1024,NRA_000000001024,2020-09-01,2020-09-30,Data/2020-09-01 - 2020-09-30/NRA_000000001024.xls,Data/Raw/2020-09-01 - 2020-09-30/NRA_000000001024.xls,https://www.nratrafficdata.ie/c2/tfdaysreport.asp?sgid=ZvyVmXU8jBt9PJE$c7UXt6&spid=NRA_000000001024&reportdate=2020-09-01&enddate=2020-09-30&excel=1&intval=11
3040,1113,NRA_000000001113,2020-09-01,2020-09-30,Data/2020-09-01 - 2020-09-30/NRA_000000001113.xls,Data/Raw/2020-09-01 - 2020-09-30/NRA_000000001113.xls,https://www.nratrafficdata.ie/c2/tfdaysreport.asp?sgid=ZvyVmXU8jBt9PJE$c7UXt6&spid=NRA_000000001113&reportdate=2020-09-01&enddate=2020-09-30&excel=1&intval=11
3084,1321,NRA_000000001321,2020-09-01,2020-09-30,Data/2020-09-01 - 2020-09-30/NRA_000000001321.xls,Data/Raw/2020-09-01 - 2020-09-30/NRA_000000001321.xls,https://www.nratrafficdata.ie/c2/tfdaysreport.asp?sgid=ZvyVmXU8jBt9PJE$c7UXt6&spid=NRA_000000001321&reportdate=2020-09-01&enddate=2020-09-30&excel=1&intval=11
3086,1401,NRA_000000001401,2020-09-01,2020-09-30,Data/2020-09-01 - 2020-09-30/NRA_000000001401.xls,Data/Raw/2020-09-01 - 2020-09-30/NRA_000000001401.xls,https://www.nratrafficdata.ie/c2/tfdaysreport.asp?sgid=ZvyVmXU8jBt9PJE$c7UXt6&spid=NRA_000000001401&reportdate=2020-09-01&enddate=2020-09-30&excel=1&intval=11
3087,1403,NRA_000000001403,2020-09-01,2020-09-30,Data/2020-09-01 - 2020-09-30/NRA_000000001403.xls,Data/Raw/2020-09-01 - 2020-09-30/NRA_000000001403.xls,https://www.nratrafficdata.ie/c2/tfdaysreport.asp?sgid=ZvyVmXU8jBt9PJE$c7UXt6&spid=NRA_000000001403&reportdate=2020-09-01&enddate=2020-09-30&excel=1&intval=11
3088,1404,NRA_000000001404,2020-09-01,2020-09-30,Data/2020-09-01 - 2020-09-30/NRA_000000001404.xls,Data/Raw/2020-09-01 - 2020-09-30/NRA_000000001404.xls,https://www.nratrafficdata.ie/c2/tfdaysreport.asp?sgid=ZvyVmXU8jBt9PJE$c7UXt6&spid=NRA_000000001404&reportdate=2020-09-01&enddate=2020-09-30&excel=1&intval=11
3089,1405,NRA_000000001405,2020-09-01,2020-09-30,Data/2020-09-01 - 2020-09-30/NRA_000000001405.xls,Data/Raw/2020-09-01 - 2020-09-30/NRA_000000001405.xls,https://www.nratrafficdata.ie/c2/tfdaysreport.asp?sgid=ZvyVmXU8jBt9PJE$c7UXt6&spid=NRA_000000001405&reportdate=2020-09-01&enddate=2020-09-30&excel=1&intval=11
3103,1522,NRA_000000001522,2020-09-01,2020-09-30,Data/2020-09-01 - 2020-09-30/NRA_000000001522.xls,Data/Raw/2020-09-01 - 2020-09-30/NRA_000000001522.xls,https://www.nratrafficdata.ie/c2/tfdaysreport.asp?sgid=ZvyVmXU8jBt9PJE$c7UXt6&spid=NRA_000000001522&reportdate=2020-09-01&enddate=2020-09-30&excel=1&intval=11
3165,3102,NRA_000000003102,2020-09-01,2020-09-30,Data/2020-09-01 - 2020-09-30/NRA_000000003102.xls,Data/Raw/2020-09-01 - 2020-09-30/NRA_000000003102.xls,https://www.nratrafficdata.ie/c2/tfdaysreport.asp?sgid=ZvyVmXU8jBt9PJE$c7UXt6&spid=NRA_000000003102&reportdate=2020-09-01&enddate=2020-09-30&excel=1&intval=11
3166,3103,NRA_000000003103,2020-09-01,2020-09-30,Data/2020-09-01 - 2020-09-30/NRA_000000003103.xls,Data/Raw/2020-09-01 - 2020-09-30/NRA_000000003103.xls,https://www.nratrafficdata.ie/c2/tfdaysreport.asp?sgid=ZvyVmXU8jBt9PJE$c7UXt6&spid=NRA_000000003103&reportdate=2020-09-01&enddate=2020-09-30&excel=1&intval=11
3167,3104,NRA_000000003104,2020-09-01,2020-09-30,Data/2020-09-01 - 2020-09-30/NRA_000000003104.xls,Data/Raw/2020-09-01 - 2020-09-30/NRA_000000003104.xls,https://www.nratrafficdata.ie/c2/tfdaysreport.asp?sgid=ZvyVmXU8jBt9PJE$c7UXt6&spid=NRA_000000003104&reportdate=2020-09-01&enddate=2020-09-30&excel=1&intval=11
3168,3105,NRA_000000003105,2020-09-01,2020-09-30,Data/2020-09-01 - 2020-09-30/NRA_000000003105.xls,Data/Raw/2020-09-01 - 2020-09-30/NRA_000000003105.xls,https://www.nratrafficdata.ie/c2/tfdaysreport.asp?sgid=ZvyVmXU8jBt9PJE$c7UXt6&spid=NRA_000000003105&reportdate=2020-09-01&enddate=2020-09-30&excel=1&intval=11
3169,3106,NRA_000000003106,2020-09-01,2020-09-30,Data/2020-09-01 - 2020-09-30/NRA_000000003106.xls,Data/Raw/2020-09-01 - 2020-09-30/NRA_000000003106.xls,https://www.nratrafficdata.ie/c2/tfdaysreport.asp?sgid=ZvyVmXU8jBt9PJE$c7UXt6&spid=NRA_000000003106&reportdate=2020-09-01&enddate=2020-09-30&excel=1&intval=11
3189,3312,NRA_000000003312,2020-09-01,2020-09-30,Data/2020-09-01 - 2020-09-30/NRA_000000003312.xls,Data/Raw/2020-09-01 - 2020-09-30/NRA_000000003312.xls,https://www.nratrafficdata.ie/c2/tfdaysreport.asp?sgid=ZvyVmXU8jBt9PJE$c7UXt6&spid=NRA_000000003312&reportdate=2020-09-01&enddate=2020-09-30&excel=1&intval=11
3248,20072,NRA_000000020072,2020-09-01,2020-09-30,Data/2020-09-01 - 2020-09-30/NRA_000000020072.xls,Data/Raw/2020-09-01 - 2020-09-30/NRA_000000020072.xls,https://www.nratrafficdata.ie/c2/tfdaysreport.asp?sgid=ZvyVmXU8jBt9PJE$c7UXt6&spid=NRA_000000020072&reportdate=2020-09-01&enddate=2020-09-30&excel=1&intval=11
3249,20073,NRA_000000020073,2020-09-01,2020-09-30,Data/2020-09-01 - 2020-09-30/NRA_000000020073.xls,Data/Raw/2020-09-01 - 2020-09-30/NRA_000000020073.xls,https://www.nratrafficdata.ie/c2/tfdaysreport.asp?sgid=ZvyVmXU8jBt9PJE$c7UXt6&spid=NRA_000000020073&reportdate=2020-09-01&enddate=2020-09-30&excel=1&intval=11
3275,20117,NRA_000000020117,2020-09-01,2020-09-30,Data/2020-09-01 - 2020-09-30/NRA_000000020117.xls,Data/Raw/2020-09-01 - 2020-09-30/NRA_000000020117.xls,https://www.nratrafficdata.ie/c2/tfdaysreport.asp?sgid=ZvyVmXU8jBt9PJE$c7UXt6&spid=NRA_000000020117&reportdate=2020-09-01&enddate=2020-09-30&excel=1&intval=11
3293,20211,NRA_000000020211,2020-09-01,2020-09-30,Data/2020-09-01 - 2020-09-30/NRA_000000020211.xls,Data/Raw/2020-09-01 - 2020-09-30/NRA_000000020211.xls,https://www.nratrafficdata.ie/c2/tfdaysreport.asp?sgid=ZvyVmXU8jBt9PJE$c7UXt6&spid=NRA_000000020211&reportdate=2020-09-01&enddate=2020-09-30&excel=1&intval=11
3318,20562,NRA_000000020562,2020-09-01,2020-09-30,Data/2020-09-01 - 2020-09-30/NRA_000000020562.xls,Data/Raw/2020-09-01 - 2020-09-30/NRA_000000020562.xls,https://www.nratrafficdata.ie/c2/tfdaysreport.asp?sgid=ZvyVmXU8jBt9PJE$c7UXt6&spid=NRA_000000020562&reportdate=2020-09-01&enddate=2020-09-30&excel=1&intval=11
3327,20801,NRA_000000020801,2020-09-01,2020-09-30,Data/2020-09-01 - 2020-09-30/NRA_000000020801.xls,Data/Raw/2020-09-01 - 2020-09-30/NRA_000000020801.xls,https://www.nratrafficdata.ie/c2/tfdaysreport.asp?sgid=ZvyVmXU8jBt9PJE$c7UXt6&spid=NRA_000000020801&reportdate=2020-09-01&enddate=2020-09-30&excel=1&intval=11
3342,150141,NRA_000000150141,2020-09-01,2020-09-30,Data/2020-09-01 - 2020-09-30/NRA_000000150141.xls,Data/Raw/2020-09-01 - 2020-09-30/NRA_000000150141.xls,https://www.nratrafficdata.ie/c2/tfdaysreport.asp?sgid=ZvyVmXU8jBt9PJE$c7UXt6&spid=NRA_000000150141&reportdate=2020-09-01&enddate=2020-09-30&excel=1&intval=11
3355,200723,NRA_000000200723,2020-09-01,2020-09-30,Data/2020-09-01 - 2020-09-30/NRA_000000200723.xls,Data/Raw/2020-09-01 - 2020-09-30/NRA_000000200723.xls,https://www.nratrafficdata.ie/c2/tfdaysreport.asp?sgid=ZvyVmXU8jBt9PJE$c7UXt6&spid=NRA_000000200723&reportdate=2020-09-01&enddate=2020-09-30&excel=1&intval=11
3366,997,NRA_000000000997,2020-10-01,2020-10-31,Data/2020-10-01 - 2020-10-31/NRA_000000000997.xls,Data/Raw/2020-10-01 - 2020-10-31/NRA_000000000997.xls,https://www.nratrafficdata.ie/c2/tfdaysreport.asp?sgid=ZvyVmXU8jBt9PJE$c7UXt6&spid=NRA_000000000997&reportdate=2020-10-01&enddate=2020-10-31&excel=1&intval=11
3376,1024,NRA_000000001024,2020-10-01,2020-10-31,Data/2020-10-01 - 2020-10-31/NRA_000000001024.xls,Data/Raw/2020-10-01 - 2020-10-31/NRA_000000001024.xls,https://www.nratrafficdata.ie/c2/tfdaysreport.asp?sgid=ZvyVmXU8jBt9PJE$c7UXt6&spid=NRA_000000001024&reportdate=2020-10-01&enddate=2020-10-31&excel=1&intval=11
3419,1133,NRA_000000001133,2020-10-01,2020-10-31,Data/2020-10-01 - 2020-10-31/NRA_000000001133.xls,Data/Raw/2020-10-01 - 2020-10-31/NRA_000000001133.xls,https://www.nratrafficdata.ie/c2/tfdaysreport.asp?sgid=ZvyVmXU8jBt9PJE$c7UXt6&spid=NRA_000000001133&reportdate=2020-10-01&enddate=2020-10-31&excel=1&intval=11
3458,1321,NRA_000000001321,2020-10-01,2020-10-31,Data/2020-10-01 - 2020-10-31/NRA_000000001321.xls,Data/Raw/2020-10-01 - 2020-10-31/NRA_000000001321.xls,https://www.nratrafficdata.ie/c2/tfdaysreport.asp?sgid=ZvyVmXU8jBt9PJE$c7UXt6&spid=NRA_000000001321&reportdate=2020-10-01&enddate=2020-10-31&excel=1&intval=11
3461,1403,NRA_000000001403,2020-10-01,2020-10-31,Data/2020-10-01 - 2020-10-31/NRA_000000001403.xls,Data/Raw/2020-10-01 - 2020-10-31/NRA_000000001403.xls,https://www.nratrafficdata.ie/c2/tfdaysreport.asp?sgid=ZvyVmXU8jBt9PJE$c7UXt6&spid=NRA_000000001403&reportdate=2020-10-01&enddate=2020-10-31&excel=1&intval=11
3463,1405,NRA_000000001405,2020-10-01,2020-10-31,Data/2020-10-01 - 2020-10-31/NRA_000000001405.xls,Data/Raw/2020-10-01 - 2020-10-31/NRA_000000001405.xls,https://www.nratrafficdata.ie/c2/tfdaysreport.asp?sgid=ZvyVmXU8jBt9PJE$c7UXt6&spid=NRA_000000001405&reportdate=2020-10-01&enddate=2020-10-31&excel=1&intval=11
3477,1522,NRA_000000001522,2020-10-01,2020-10-31,Data/2020-10-01 - 2020-10-31/NRA_000000001522.xls,Data/Raw/2020-10-01 - 2020-10-31/NRA_000000001522.xls,https://www.nratrafficdata.ie/c2/tfdaysreport.asp?sgid=ZvyVmXU8jBt9PJE$c7UXt6&spid=NRA_000000001522&reportdate=2020-10-01&enddate=2020-10-31&excel=1&intval=11
3487,1591,NRA_000000001591,2020-10-01,2020-10-31,Data/2020-10-01 - 2020-10-31/NRA_000000001591.xls,Data/Raw/2020-10-01 - 2020-10-31/NRA_000000001591.xls,https://www.nratrafficdata.ie/c2/tfdaysreport.asp?sgid=ZvyVmXU8jBt9PJE$c7UXt6&spid=NRA_000000001591&reportdate=2020-10-01&enddate=2020-10-31&excel=1&intval=11
3539,3102,NRA_000000003102,2020-10-01,2020-10-31,Data/2020-10-01 - 2020-10-31/NRA_000000003102.xls,Data/Raw/2020-10-01 - 2020-10-31/NRA_000000003102.xls,https://www.nratrafficdata.ie/c2/tfdaysreport.asp?sgid=ZvyVmXU8jBt9PJE$c7UXt6&spid=NRA_000000003102&reportdate=2020-10-01&enddate=2020-10-31&excel=1&intval=11
3540,3103,NRA_000000003103,2020-10-01,2020-10-31,Data/2020-10-01 - 2020-10-31/NRA_000000003103.xls,Data/Raw/2020-10-01 - 2020-10-31/NRA_000000003103.xls,https://www.nratrafficdata.ie/c2/tfdaysreport.asp?sgid=ZvyVmXU8jBt9PJE$c7UXt6&spid=NRA_000000003103&reportdate=2020-10-01&enddate=2020-10-31&excel=1&intval=11
3541,3104,NRA_000000003104,2020-10-01,2020-10-31,Data/2020-10-01 - 2020-10-31/NRA_000000003104.xls,Data/Raw/2020-10-01 - 2020-10-31/NRA_000000003104.xls,https://www.nratrafficdata.ie/c2/tfdaysreport.asp?sgid=ZvyVmXU8jBt9PJE$c7UXt6&spid=NRA_000000003104&reportdate=2020-10-01&enddate=2020-10-31&excel=1&intval=11
3542,3105,NRA_000000003105,2020-10-01,2020-10-31,Data/2020-10-01 - 2020-10-31/NRA_000000003105.xls,Data/Raw/2020-10-01 - 2020-10-31/NRA_000000003105.xls,https://www.nratrafficdata.ie/c2/tfdaysreport.asp?sgid=ZvyVmXU8jBt9PJE$c7UXt6&spid=NRA_000000003105&reportdate=2020-10-01&enddate=2020-10-31&excel=1&intval=11
3543,3106,NRA_000000003106,2020-10-01,2020-10-31,Data/2020-10-01 - 2020-10-31/NRA_000000003106.xls,Data/Raw/2020-10-01 - 2020-10-31/NRA_000000003106.xls,https://www.nratrafficdata.ie/c2/tfdaysreport.asp?sgid=ZvyVmXU8jBt9PJE$c7UXt6&spid=NRA_000000003106&reportdate=2020-10-01&enddate=2020-10-31&excel=1&intval=11
3563,3312,NRA_000000003312,2020-10-01,2020-10-31,Data/2020-10-01 - 2020-10-31/NRA_000000003312.xls,Data/Raw/2020-10-01 - 2020-10-31/NRA_000000003312.xls,https://www.nratrafficdata.ie/c2/tfdaysreport.asp?sgid=ZvyVmXU8jBt9PJE$c7UXt6&spid=NRA_000000003312&reportdate=2020-10-01&enddate=2020-10-31&excel=1&intval=11
3575,3605,NRA_000000003605,2020-10-01,2020-10-31,Data/2020-10-01 - 2020-10-31/NRA_000000003605.xls,Data/Raw/2020-10-01 - 2020-10-31/NRA_000000003605.xls,https://www.nratrafficdata.ie/c2/tfdaysreport.asp?sgid=ZvyVmXU8jBt9PJE$c7UXt6&spid=NRA_000000003605&reportdate=2020-10-01&enddate=2020-10-31&excel=1&intval=11
3622,20072,NRA_000000020072,2020-10-01,2020-10-31,Data/2020-10-01 - 2020-10-31/NRA_000000020072.xls,Data/Raw/2020-10-01 - 2020-10-31/NRA_000000020072.xls,https://www.nratrafficdata.ie/c2/tfdaysreport.asp?sgid=ZvyVmXU8jBt9PJE$c7UXt6&spid=NRA_000000020072&reportdate=2020-10-01&enddate=2020-10-31&excel=1&intval=11
3623,20073,NRA_000000020073,2020-10-01,2020-10-31,Data/2020-10-01 - 2020-10-31/NRA_000000020073.xls,Data/Raw/2020-10-01 - 2020-10-31/NRA_000000020073.xls,https://www.nratrafficdata.ie/c2/tfdaysreport.asp?sgid=ZvyVmXU8jBt9PJE$c7UXt6&spid=NRA_000000020073&reportdate=2020-10-01&enddate=2020-10-31&excel=1&intval=11
3649,20117,NRA_000000020117,2020-10-01,2020-10-31,Data/2020-10-01 - 2020-10-31/NRA_000000020117.xls,Data/Raw/2020-10-01 - 2020-10-31/NRA_000000020117.xls,https://www.nratrafficdata.ie/c2/tfdaysreport.asp?sgid=ZvyVmXU8jBt9PJE$c7UXt6&spid=NRA_000000020117&reportdate=2020-10-01&enddate=2020-10-31&excel=1&intval=11
3667,20211,NRA_000000020211,2020-10-01,2020-10-31,Data/2020-10-01 - 2020-10-31/NRA_000000020211.xls,Data/Raw/2020-10-01 - 2020-10-31/NRA_000000020211.xls,https://www.nratrafficdata.ie/c2/tfdaysreport.asp?sgid=ZvyVmXU8jBt9PJE$c7UXt6&spid=NRA_000000020211&reportdate=2020-10-01&enddate=2020-10-31&excel=1&intval=11
3692,20562,NRA_000000020562,2020-10-01,2020-10-31,Data/2020-10-01 - 2020-10-31/NRA_000000020562.xls,Data/Raw/2020-10-01 - 2020-10-31/NRA_000000020562.xls,https://www.nratrafficdata.ie/c2/tfdaysreport.asp?sgid=ZvyVmXU8jBt9PJE$c7UXt6&spid=NRA_000000020562&reportdate=2020-10-01&enddate=2020-10-31&excel=1&intval=11
3701,20801,NRA_000000020801,2020-10-01,2020-10-31,Data/2020-10-01 - 2020-10-31/NRA_000000020801.xls,Data/Raw/2020-10-01 - 2020-10-31/NRA_000000020801.xls,https://www.nratrafficdata.ie/c2/tfdaysreport.asp?sgid=ZvyVmXU8jBt9PJE$c7UXt6&spid=NRA_000000020801&reportdate=2020-10-01&enddate=2020-10-31&excel=1&intval=11
3716,150141,NRA_000000150141,2020-10-01,2020-10-31,Data/2020-10-01 - 2020-10-31/NRA_000000150141.xls,Data/Raw/2020-10-01 - 2020-10-31/NRA_000000150141.xls,https://www.nratrafficdata.ie/c2/tfdaysreport.asp?sgid=ZvyVmXU8jBt9PJE$c7UXt6&spid=NRA_000000150141&reportdate=2020-10-01&enddate=2020-10-31&excel=1&intval=11
3729,200723,NRA_000000200723,2020-10-01,2020-10-31,Data/2020-10-01 - 2020-10-31/NRA_000000200723.xls,Data/Raw/2020-10-01 - 2020-10-31/NRA_000000200723.xls,https://www.nratrafficdata.ie/c2/tfdaysreport.asp?sgid=ZvyVmXU8jBt9PJE$c7UXt6&spid=NRA_000000200723&reportdate=2020-10-01&enddate=2020-10-31&excel=1&intval=11
3740,997,NRA_000000000997,2020-11-01,2020-11-30,Data/2020-11-01 - 2020-11-30/NRA_000000000997.xls,Data/Raw/2020-11-01 - 2020-11-30/NRA_000000000997.xls,https://www.nratrafficdata.ie/c2/tfdaysreport.asp?sgid=ZvyVmXU8jBt9PJE$c7UXt6&spid=NRA_000000000997&reportdate=2020-11-01&enddate=2020-11-30&excel=1&intval=11
3750,1024,NRA_000000001024,2020-11-01,2020-11-30,Data/2020-11-01 - 2020-11-30/NRA_000000001024.xls,Data/Raw/2020-11-01 - 2020-11-30/NRA_000000001024.xls,https://www.nratrafficdata.ie/c2/tfdaysreport.asp?sgid=ZvyVmXU8jBt9PJE$c7UXt6&spid=NRA_000000001024&reportdate=2020-11-01&enddate=2020-11-30&excel=1&intval=11
3823,1281,NRA_000000001281,2020-11-01,2020-11-30,Data/2020-11-01 - 2020-11-30/NRA_000000001281.xls,Data/Raw/2020-11-01 - 2020-11-30/NRA_000000001281.xls,https://www.nratrafficdata.ie/c2/tfdaysreport.asp?sgid=ZvyVmXU8jBt9PJE$c7UXt6&spid=NRA_000000001281&reportdate=2020-11-01&enddate=2020-11-30&excel=1&intval=11
3829,1303,NRA_000000001303,2020-11-01,2020-11-30,Data/2020-11-01 - 2020-11-30/NRA_000000001303.xls,Data/Raw/2020-11-01 - 2020-11-30/NRA_000000001303.xls,https://www.nratrafficdata.ie/c2/tfdaysreport.asp?sgid=ZvyVmXU8jBt9PJE$c7UXt6&spid=NRA_000000001303&reportdate=2020-11-01&enddate=2020-11-30&excel=1&intval=11
3832,1321,NRA_000000001321,2020-11-01,2020-11-30,Data/2020-11-01 - 2020-11-30/NRA_000000001321.xls,Data/Raw/2020-11-01 - 2020-11-30/NRA_000000001321.xls,https://www.nratrafficdata.ie/c2/tfdaysreport.asp?sgid=ZvyVmXU8jBt9PJE$c7UXt6&spid=NRA_000000001321&reportdate=2020-11-01&enddate=2020-11-30&excel=1&intval=11
3837,1405,NRA_000000001405,2020-11-01,2020-11-30,Data/2020-11-01 - 2020-11-30/NRA_000000001405.xls,Data/Raw/2020-11-01 - 2020-11-30/NRA_000000001405.xls,https://www.nratrafficdata.ie/c2/tfdaysreport.asp?sgid=ZvyVmXU8jBt9PJE$c7UXt6&spid=NRA_000000001405&reportdate=2020-11-01&enddate=2020-11-30&excel=1&intval=11
3851,1522,NRA_000000001522,2020-11-01,2020-11-30,Data/2020-11-01 - 2020-11-30/NRA_000000001522.xls,Data/Raw/2020-11-01 - 2020-11-30/NRA_000000001522.xls,https://www.nratrafficdata.ie/c2/tfdaysreport.asp?sgid=ZvyVmXU8jBt9PJE$c7UXt6&spid=NRA_000000001522&reportdate=2020-11-01&enddate=2020-11-30&excel=1&intval=11
3913,3102,NRA_000000003102,2020-11-01,2020-11-30,Data/2020-11-01 - 2020-11-30/NRA_000000003102.xls,Data/Raw/2020-11-01 - 2020-11-30/NRA_000000003102.xls,https://www.nratrafficdata.ie/c2/tfdaysreport.asp?sgid=ZvyVmXU8jBt9PJE$c7UXt6&spid=NRA_000000003102&reportdate=2020-11-01&enddate=2020-11-30&excel=1&intval=11
3914,3103,NRA_000000003103,2020-11-01,2020-11-30,Data/2020-11-01 - 2020-11-30/NRA_000000003103.xls,Data/Raw/2020-11-01 - 2020-11-30/NRA_000000003103.xls,https://www.nratrafficdata.ie/c2/tfdaysreport.asp?sgid=ZvyVmXU8jBt9PJE$c7UXt6&spid=NRA_000000003103&reportdate=2020-11-01&enddate=2020-11-30&excel=1&intval=11
3915,3104,NRA_000000003104,2020-11-01,2020-11-30,Data/2020-11-01 - 2020-11-30/NRA_000000003104.xls,Data/Raw/2020-11-01 - 2020-11-30/NRA_000000003104.xls,https://www.nratrafficdata.ie/c2/tfdaysreport.asp?sgid=ZvyVmXU8jBt9PJE$c7UXt6&spid=NRA_000000003104&reportdate=2020-11-01&enddate=2020-11-30&excel=1&intval=11
3916,3105,NRA_000000003105,2020-11-01,2020-11-30,Data/2020-11-01 - 2020-11-30/NRA_000000003105.xls,Data/Raw/2020-11-01 - 2020-11-30/NRA_000000003105.xls,https://www.nratrafficdata.ie/c2/tfdaysreport.asp?sgid=ZvyVmXU8jBt9PJE$c7UXt6&spid=NRA_000000003105&reportdate=2020-11-01&enddate=2020-11-30&excel=1&intval=11
3917,3106,NRA_000000003106,2020-11-01,2020-11-30,Data/2020-11-01 - 2020-11-30/NRA_000000003106.xls,Data/Raw/2020-11-01 - 2020-11-30/NRA_000000003106.xls,https://www.nratrafficdata.ie/c2/tfdaysreport.asp?sgid=ZvyVmXU8jBt9PJE$c7UXt6&spid=NRA_000000003106&reportdate=2020-11-01&enddate=2020-11-30&excel=1&intval=11
3937,3312,NRA_000000003312,2020-11-01,2020-11-30,Data/2020-11-01 - 2020-11-30/NRA_000000003312.xls,Data/Raw/2020-11-01 - 2020-11-30/NRA_000000003312.xls,https://www.nratrafficdata.ie/c2/tfdaysreport.asp?sgid=ZvyVmXU8jBt9PJE$c7UXt6&spid=NRA_000000003312&reportdate=2020-11-01&enddate=2020-11-30&excel=1&intval=11
3940,3401,NRA_000000003401,2020-11-01,2020-11-30,Data/2020-11-01 - 2020-11-30/NRA_000000003401.xls,Data/Raw/2020-11-01 - 2020-11-30/NRA_000000003401.xls,https://www.nratrafficdata.ie/c2/tfdaysreport.asp?sgid=ZvyVmXU8jBt9PJE$c7UXt6&spid=NRA_000000003401&reportdate=2020-11-01&enddate=2020-11-30&excel=1&intval=11
3947,3603,NRA_000000003603,2020-11-01,2020-11-30,Data/2020-11-01 - 2020-11-30/NRA_000000003603.xls,Data/Raw/2020-11-01 - 2020-11-30/NRA_000000003603.xls,https://www.nratrafficdata.ie/c2/tfdaysreport.asp?sgid=ZvyVmXU8jBt9PJE$c7UXt6&spid=NRA_000000003603&reportdate=2020-11-01&enddate=2020-11-30&excel=1&intval=11
3996,20072,NRA_000000020072,2020-11-01,2020-11-30,Data/2020-11-01 - 2020-11-30/NRA_000000020072.xls,Data/Raw/2020-11-01 - 2020-11-30/NRA_000000020072.xls,https://www.nratrafficdata.ie/c2/tfdaysreport.asp?sgid=ZvyVmXU8jBt9PJE$c7UXt6&spid=NRA_000000020072&reportdate=2020-11-01&enddate=2020-11-30&excel=1&intval=11
3997,20073,NRA_000000020073,2020-11-01,2020-11-30,Data/2020-11-01 - 2020-11-30/NRA_000000020073.xls,Data/Raw/2020-11-01 - 2020-11-30/NRA_000000020073.xls,https://www.nratrafficdata.ie/c2/tfdaysreport.asp?sgid=ZvyVmXU8jBt9PJE$c7UXt6&spid=NRA_000000020073&reportdate=2020-11-01&enddate=2020-11-30&excel=1&intval=11
4023,20117,NRA_000000020117,2020-11-01,2020-11-30,Data/2020-11-01 - 2020-11-30/NRA_000000020117.xls,Data/Raw/2020-11-01 - 2020-11-30/NRA_000000020117.xls,https://www.nratrafficdata.ie/c2/tfdaysreport.asp?sgid=ZvyVmXU8jBt9PJE$c7UXt6&spid=NRA_000000020117&reportdate=2020-11-01&enddate=2020-11-30&excel=1&intval=11
4041,20211,NRA_000000020211,2020-11-01,2020-11-30,Data/2020-11-01 - 2020-11-30/NRA_000000020211.xls,Data/Raw/2020-11-01 - 2020-11-30/NRA_000000020211.xls,https://www.nratrafficdata.ie/c2/tfdaysreport.asp?sgid=ZvyVmXU8jBt9PJE$c7UXt6&spid=NRA_000000020211&reportdate=2020-11-01&enddate=2020-11-30&excel=1&intval=11
4066,20562,NRA_000000020562,2020-11-01,2020-11-30,Data/2020-11-01 - 2020-11-30/NRA_000000020562.xls,Data/Raw/2020-11-01 - 2020-11-30/NRA_000000020562.xls,https://www.nratrafficdata.ie/c2/tfdaysreport.asp?sgid=ZvyVmXU8jBt9PJE$c7UXt6&spid=NRA_000000020562&reportdate=2020-11-01&enddate=2020-11-30&excel=1&intval=11
4075,20801,NRA_000000020801,2020-11-01,2020-11-30,Data/2020-11-01 - 2020-11-30/NRA_000000020801.xls,Data/Raw/2020-11-01 - 2020-11-30/NRA_000000020801.xls,https://www.nratrafficdata.ie/c2/tfdaysreport.asp?sgid=ZvyVmXU8jBt9PJE$c7UXt6&spid=NRA_000000020801&reportdate=2020-11-01&enddate=2020-11-30&excel=1&intval=11
4090,150141,NRA_000000150141,2020-11-01,2020-11-30,Data/2020-11-01 - 2020-11-30/NRA_000000150141.xls,Data/Raw/2020-11-01 - 2020-11-30/NRA_000000150141.xls,https://www.nratrafficdata.ie/c2/tfdaysreport.asp?sgid=ZvyVmXU8jBt9PJE$c7UXt6&spid=NRA_000000150141&reportdate=2020-11-01&enddate=2020-11-30&excel=1&intval=11
4103,200723,NRA_000000200723,2020-11-01,2020-11-30,Data/2020-11-01 - 2020-11-30/NRA_000000200723.xls,Data/Raw/2020-11-01 - 2020-11-30/NRA_000000200723.xls,https://www.nratrafficdata.ie/c2/tfdaysreport.asp?sgid=ZvyVmXU8jBt9PJE$c7UXt6&spid=NRA_000000200723&reportdate=2020-11-01&enddate=2020-11-30&excel=1&intval=11
4114,997,NRA_000000000997,2020-12-01,2020-12-31,Data/2020-12-01 - 2020-12-31/NRA_000000000997.xls,Data/Raw/2020-12-01 - 2020-12-31/NRA_000000000997.xls,https://www.nratrafficdata.ie/c2/tfdaysreport.asp?sgid=ZvyVmXU8jBt9PJE$c7UXt6&spid=NRA_000000000997&reportdate=2020-12-01&enddate=2020-12-31&excel=1&intval=11
4124,1024,NRA_000000001024,2020-12-01,2020-12-31,Data/2020-12-01 - 2020-12-31/NRA_000000001024.xls,Data/Raw/2020-12-01 - 2020-12-31/NRA_000000001024.xls,https://www.nratrafficdata.ie/c2/tfdaysreport.asp?sgid=ZvyVmXU8jBt9PJE$c7UXt6&spid=NRA_000000001024&reportdate=2020-12-01&enddate=2020-12-31&excel=1&intval=11
4147,1065,NRA_000000001065,2020-12-01,2020-12-31,Data/2020-12-01 - 2020-12-31/NRA_000000001065.xls,Data/Raw/2020-12-01 - 2020-12-31/NRA_000000001065.xls,https://www.nratrafficdata.ie/c2/tfdaysreport.asp?sgid=ZvyVmXU8jBt9PJE$c7UXt6&spid=NRA_000000001065&reportdate=2020-12-01&enddate=2020-12-31&excel=1&intval=11
4206,1321,NRA_000000001321,2020-12-01,2020-12-31,Data/2020-12-01 - 2020-12-31/NRA_000000001321.xls,Data/Raw/2020-12-01 - 2020-12-31/NRA_000000001321.xls,https://www.nratrafficdata.ie/c2/tfdaysreport.asp?sgid=ZvyVmXU8jBt9PJE$c7UXt6&spid=NRA_000000001321&reportdate=2020-12-01&enddate=2020-12-31&excel=1&intval=11
4287,3102,NRA_000000003102,2020-12-01,2020-12-31,Data/2020-12-01 - 2020-12-31/NRA_000000003102.xls,Data/Raw/2020-12-01 - 2020-12-31/NRA_000000003102.xls,https://www.nratrafficdata.ie/c2/tfdaysreport.asp?sgid=ZvyVmXU8jBt9PJE$c7UXt6&spid=NRA_000000003102&reportdate=2020-12-01&enddate=2020-12-31&excel=1&intval=11
4288,3103,NRA_000000003103,2020-12-01,2020-12-31,Data/2020-12-01 - 2020-12-31/NRA_000000003103.xls,Data/Raw/2020-12-01 - 2020-12-31/NRA_000000003103.xls,https://www.nratrafficdata.ie/c2/tfdaysreport.asp?sgid=ZvyVmXU8jBt9PJE$c7UXt6&spid=NRA_000000003103&reportdate=2020-12-01&enddate=2020-12-31&excel=1&intval=11
4289,3104,NRA_000000003104,2020-12-01,2020-12-31,Data/2020-12-01 - 2020-12-31/NRA_000000003104.xls,Data/Raw/2020-12-01 - 2020-12-31/NRA_000000003104.xls,https://www.nratrafficdata.ie/c2/tfdaysreport.asp?sgid=ZvyVmXU8jBt9PJE$c7UXt6&spid=NRA_000000003104&reportdate=2020-12-01&enddate=2020-12-31&excel=1&intval=11
4290,3105,NRA_000000003105,2020-12-01,2020-12-31,Data/2020-12-01 - 2020-12-31/NRA_000000003105.xls,Data/Raw/2020-12-01 - 2020-12-31/NRA_000000003105.xls,https://www.nratrafficdata.ie/c2/tfdaysreport.asp?sgid=ZvyVmXU8jBt9PJE$c7UXt6&spid=NRA_000000003105&reportdate=2020-12-01&enddate=2020-12-31&excel=1&intval=11
4291,3106,NRA_000000003106,2020-12-01,2020-12-31,Data/2020-12-01 - 2020-12-31/NRA_000000003106.xls,Data/Raw/2020-12-01 - 2020-12-31/NRA_000000003106.xls,https://www.nratrafficdata.ie/c2/tfdaysreport.asp?sgid=ZvyVmXU8jBt9PJE$c7UXt6&spid=NRA_000000003106&reportdate=2020-12-01&enddate=2020-12-31&excel=1&intval=11
4303,3304,NRA_000000003304,2020-12-01,2020-12-31,Data/2020-12-01 - 2020-12-31/NRA_000000003304.xls,Data/Raw/2020-12-01 - 2020-12-31/NRA_000000003304.xls,https://www.nratrafficdata.ie/c2/tfdaysreport.asp?sgid=ZvyVmXU8jBt9PJE$c7UXt6&spid=NRA_000000003304&reportdate=2020-12-01&enddate=2020-12-31&excel=1&intval=11
4321,3603,NRA_000000003603,2020-12-01,2020-12-31,Data/2020-12-01 - 2020-12-31/NRA_000000003603.xls,Data/Raw/2020-12-01 - 2020-12-31/NRA_000000003603.xls,https://www.nratrafficdata.ie/c2/tfdaysreport.asp?sgid=ZvyVmXU8jBt9PJE$c7UXt6&spid=NRA_000000003603&reportdate=2020-12-01&enddate=2020-12-31&excel=1&intval=11
4370,20072,NRA_000000020072,2020-12-01,2020-12-31,Data/2020-12-01 - 2020-12-31/NRA_000000020072.xls,Data/Raw/2020-12-01 - 2020-12-31/NRA_000000020072.xls,https://www.nratrafficdata.ie/c2/tfdaysreport.asp?sgid=ZvyVmXU8jBt9PJE$c7UXt6&spid=NRA_000000020072&reportdate=2020-12-01&enddate=2020-12-31&excel=1&intval=11
4371,20073,NRA_000000020073,2020-12-01,2020-12-31,Data/2020-12-01 - 2020-12-31/NRA_000000020073.xls,Data/Raw/2020-12-01 - 2020-12-31/NRA_000000020073.xls,https://www.nratrafficdata.ie/c2/tfdaysreport.asp?sgid=ZvyVmXU8jBt9PJE$c7UXt6&spid=NRA_000000020073&reportdate=2020-12-01&enddate=2020-12-31&excel=1&intval=11
4397,20117,NRA_000000020117,2020-12-01,2020-12-31,Data/2020-12-01 - 2020-12-31/NRA_000000020117.xls,Data/Raw/2020-12-01 - 2020-12-31/NRA_000000020117.xls,https://www.nratrafficdata.ie/c2/tfdaysreport.asp?sgid=ZvyVmXU8jBt9PJE$c7UXt6&spid=NRA_000000020117&reportdate=2020-12-01&enddate=2020-12-31&excel=1&intval=11
4440,20562,NRA_000000020562,2020-12-01,2020-12-31,Data/2020-12-01 - 2020-12-31/NRA_000000020562.xls,Data/Raw/2020-12-01 - 2020-12-31/NRA_000000020562.xls,https://www.nratrafficdata.ie/c2/tfdaysreport.asp?sgid=ZvyVmXU8jBt9PJE$c7UXt6&spid=NRA_000000020562&reportdate=2020-12-01&enddate=2020-12-31&excel=1&intval=11
4464,150141,NRA_000000150141,2020-12-01,2020-12-31,Data/2020-12-01 - 2020-12-31/NRA_000000150141.xls,Data/Raw/2020-12-01 - 2020-12-31/NRA_000000150141.xls,https://www.nratrafficdata.ie/c2/tfdaysreport.asp?sgid=ZvyVmXU8jBt9PJE$c7UXt6&spid=NRA_000000150141&reportdate=2020-12-01&enddate=2020-12-31&excel=1&intval=11
4477,200723,NRA_000000200723,2020-12-01,2020-12-31,Data/2020-12-01 - 2020-12-31/NRA_000000200723.xls,Data/Raw/2020-12-01 - 2020-12-31/NRA_000000200723.xls,https://www.nratrafficdata.ie/c2/tfdaysreport.asp?sgid=ZvyVmXU8jBt9PJE$c7UXt6&spid=NRA_000000200723&reportdate=2020-12-01&enddate=2020-12-31&excel=1&intval=11
4488,997,NRA_000000000997,2021-01-01,2021-01-26,Data/2021-01-01 - 2021-01-26/NRA_000000000997.xls,Data/Raw/2021-01-01 - 2021-01-26/NRA_000000000997.xls,https://www.nratrafficdata.ie/c2/tfdaysreport.asp?sgid=ZvyVmXU8jBt9PJE$c7UXt6&spid=NRA_000000000997&reportdate=2021-01-01&enddate=2021-01-26&excel=1&intval=11
4580,1321,NRA_000000001321,2021-01-01,2021-01-26,Data/2021-01-01 - 2021-01-26/NRA_000000001321.xls,Data/Raw/2021-01-01 - 2021-01-26/NRA_000000001321.xls,https://www.nratrafficdata.ie/c2/tfdaysreport.asp?sgid=ZvyVmXU8jBt9PJE$c7UXt6&spid=NRA_000000001321&reportdate=2021-01-01&enddate=2021-01-26&excel=1&intval=11
4661,3102,NRA_000000003102,2021-01-01,2021-01-26,Data/2021-01-01 - 2021-01-26/NRA_000000003102.xls,Data/Raw/2021-01-01 - 2021-01-26/NRA_000000003102.xls,https://www.nratrafficdata.ie/c2/tfdaysreport.asp?sgid=ZvyVmXU8jBt9PJE$c7UXt6&spid=NRA_000000003102&reportdate=2021-01-01&enddate=2021-01-26&excel=1&intval=11
4662,3103,NRA_000000003103,2021-01-01,2021-01-26,Data/2021-01-01 - 2021-01-26/NRA_000000003103.xls,Data/Raw/2021-01-01 - 2021-01-26/NRA_000000003103.xls,https://www.nratrafficdata.ie/c2/tfdaysreport.asp?sgid=ZvyVmXU8jBt9PJE$c7UXt6&spid=NRA_000000003103&reportdate=2021-01-01&enddate=2021-01-26&excel=1&intval=11
4663,3104,NRA_000000003104,2021-01-01,2021-01-26,Data/2021-01-01 - 2021-01-26/NRA_000000003104.xls,Data/Raw/2021-01-01 - 2021-01-26/NRA_000000003104.xls,https://www.nratrafficdata.ie/c2/tfdaysreport.asp?sgid=ZvyVmXU8jBt9PJE$c7UXt6&spid=NRA_000000003104&reportdate=2021-01-01&enddate=2021-01-26&excel=1&intval=11
4664,3105,NRA_000000003105,2021-01-01,2021-01-26,Data/2021-01-01 - 2021-01-26/NRA_000000003105.xls,Data/Raw/2021-01-01 - 2021-01-26/NRA_000000003105.xls,https://www.nratrafficdata.ie/c2/tfdaysreport.asp?sgid=ZvyVmXU8jBt9PJE$c7UXt6&spid=NRA_000000003105&reportdate=2021-01-01&enddate=2021-01-26&excel=1&intval=11
4665,3106,NRA_000000003106,2021-01-01,2021-01-26,Data/2021-01-01 - 2021-01-26/NRA_000000003106.xls,Data/Raw/2021-01-01 - 2021-01-26/NRA_000000003106.xls,https://www.nratrafficdata.ie/c2/tfdaysreport.asp?sgid=ZvyVmXU8jBt9PJE$c7UXt6&spid=NRA_000000003106&reportdate=2021-01-01&enddate=2021-01-26&excel=1&intval=11
4677,3304,NRA_000000003304,2021-01-01,2021-01-26,Data/2021-01-01 - 2021-01-26/NRA_000000003304.xls,Data/Raw/2021-01-01 - 2021-01-26/NRA_000000003304.xls,https://www.nratrafficdata.ie/c2/tfdaysreport.asp?sgid=ZvyVmXU8jBt9PJE$c7UXt6&spid=NRA_000000003304&reportdate=2021-01-01&enddate=2021-01-26&excel=1&intval=11
4744,20072,NRA_000000020072,2021-01-01,2021-01-26,Data/2021-01-01 - 2021-01-26/NRA_000000020072.xls,Data/Raw/2021-01-01 - 2021-01-26/NRA_000000020072.xls,https://www.nratrafficdata.ie/c2/tfdaysreport.asp?sgid=ZvyVmXU8jBt9PJE$c7UXt6&spid=NRA_000000020072&reportdate=2021-01-01&enddate=2021-01-26&excel=1&intval=11
4745,20073,NRA_000000020073,2021-01-01,2021-01-26,Data/2021-01-01 - 2021-01-26/NRA_000000020073.xls,Data/Raw/2021-01-01 - 2021-01-26/NRA_000000020073.xls,https://www.nratrafficdata.ie/c2/tfdaysreport.asp?sgid=ZvyVmXU8jBt9PJE$c7UXt6&spid=NRA_000000020073&reportdate=2021-01-01&enddate=2021-01-26&excel=1&intval=11
4771,20117,NRA_000000020117,2021-01-01,2021-01-26,Data/2021-01-01 - 2021-01-26/NRA_000000020117.xls,Data/Raw/2021-01-01 - 2021-01-26/NRA_000000020117.xls,https://www.nratrafficdata.ie/c2/tfdaysreport.asp?sgid=ZvyVmXU8jBt9PJE$c7UXt6&spid=NRA_000000020117&reportdate=2021-01-01&enddate=2021-01-26&excel=1&intval=11
4801,20255,NRA_000000020255,2021-01-01,2021-01-26,Data/2021-01-01 - 2021-01-26/NRA_000000020255.xls,Data/Raw/2021-01-01 - 2021-01-26/NRA_000000020255.xls,https://www.nratrafficdata.ie/c2/tfdaysreport.asp?sgid=ZvyVmXU8jBt9PJE$c7UXt6&spid=NRA_000000020255&reportdate=2021-01-01&enddate=2021-01-26&excel=1&intval=11
4814,20562,NRA_000000020562,2021-01-01,2021-01-26,Data/2021-01-01 - 2021-01-26/NRA_000000020562.xls,Data/Raw/2021-01-01 - 2021-01-26/NRA_000000020562.xls,https://www.nratrafficdata.ie/c2/tfdaysreport.asp?sgid=ZvyVmXU8jBt9PJE$c7UXt6&spid=NRA_000000020562&reportdate=2021-01-01&enddate=2021-01-26&excel=1&intval=11
4836,32501,NRA_000000032501,2021-01-01,2021-01-26,Data/2021-01-01 - 2021-01-26/NRA_000000032501.xls,Data/Raw/2021-01-01 - 2021-01-26/NRA_000000032501.xls,https://www.nratrafficdata.ie/c2/tfdaysreport.asp?sgid=ZvyVmXU8jBt9PJE$c7UXt6&spid=NRA_000000032501&reportdate=2021-01-01&enddate=2021-01-26&excel=1&intval=11
4837,32502,NRA_000000032502,2021-01-01,2021-01-26,Data/2021-01-01 - 2021-01-26/NRA_000000032502.xls,Data/Raw/2021-01-01 - 2021-01-26/NRA_000000032502.xls,https://www.nratrafficdata.ie/c2/tfdaysreport.asp?sgid=ZvyVmXU8jBt9PJE$c7UXt6&spid=NRA_000000032502&reportdate=2021-01-01&enddate=2021-01-26&excel=1&intval=11
4838,150141,NRA_000000150141,2021-01-01,2021-01-26,Data/2021-01-01 - 2021-01-26/NRA_000000150141.xls,Data/Raw/2021-01-01 - 2021-01-26/NRA_000000150141.xls,https://www.nratrafficdata.ie/c2/tfdaysreport.asp?sgid=ZvyVmXU8jBt9PJE$c7UXt6&spid=NRA_000000150141&reportdate=2021-01-01&enddate=2021-01-26&excel=1&intval=11
4851,200723,NRA_000000200723,2021-01-01,2021-01-26,Data/2021-01-01 - 2021-01-26/NRA_000000200723.xls,Data/Raw/2021-01-01 - 2021-01-26/NRA_000000200723.xls,https://www.nratrafficdata.ie/c2/tfdaysreport.asp?sgid=ZvyVmXU8jBt9PJE$c7UXt6&spid=NRA_000000200723&reportdate=2021-01-01&enddate=2021-01-26&excel=1&intval=11
